date,atalanta
2018-01-03,0.0
2018-01-04,0.0
2018-01-05,0.0
2018-01-08,0.0
2018-01-09,0.0
2018-01-10,0.0
2018-01-11,0.0
2018-01-12,0.0
2018-01-15,0.0
2018-01-16,0.0
2018-01-17,0.0
2018-01-18,0.0
2018-01-19,0.0
2018-01-22,0.0
2018-01-23,0.0
2018-01-24,0.0
2018-01-25,0.0
2018-01-26,0.0
2018-01-29,0.0
2018-01-30,0.0
2018-01-31,0.0
2018-02-01,0.0
2018-02-02,0.0
2018-02-05,0.0
2018-02-06,0.0
2018-02-07,0.0
2018-02-08,0.0
2018-02-09,0.0
2018-02-12,0.0
2018-02-13,0.0
2018-02-14,0.0
2018-02-15,0.0
2018-02-16,0.0
2018-02-19,0.0
2018-02-20,0.0
2018-02-21,0.0
2018-02-22,0.0
2018-02-23,0.0
2018-02-26,0.0
2018-02-27,0.0
2018-02-28,0.0
2018-03-01,0.0
2018-03-02,0.0
2018-03-05,0.0
2018-03-06,0.0
2018-03-07,0.0
2018-03-08,0.0
2018-03-09,0.0
2018-03-12,0.0
2018-03-13,0.0
2018-03-14,0.0
2018-03-15,0.0
2018-03-16,0.0
2018-03-19,0.0
2018-03-20,0.0
2018-03-21,0.0
2018-03-22,0.0
2018-03-23,0.0
2018-03-26,0.0
2018-03-27,0.0
2018-03-28,0.0
2018-03-29,0.0
2018-04-03,0.0
2018-04-04,0.0
2018-04-05,0.0
2018-04-06,0.0
2018-04-09,0.0
2018-04-10,0.0
2018-04-11,0.0
2018-04-12,0.0
2018-04-13,0.0
2018-04-16,0.0
2018-04-17,0.0
2018-04-18,0.0
2018-04-19,0.0
2018-04-20,0.0
2018-04-23,0.0
2018-04-24,0.0
2018-04-25,0.0
2018-04-26,0.0
2018-04-27,0.0
2018-04-30,0.0
2018-05-01,0.0
2018-05-02,0.0
2018-05-03,0.0
2018-05-04,0.0
2018-05-08,0.0
2018-05-09,0.0
2018-05-10,0.0
2018-05-11,0.0
2018-05-14,0.0
2018-05-15,0.0
2018-05-16,0.0
2018-05-17,0.0
2018-05-18,0.0
2018-05-21,0.0
2018-05-22,0.0
2018-05-23,0.0
2018-05-24,0.0
2018-05-25,0.0
2018-05-29,0.0
2018-05-30,0.0
2018-05-31,0.0
2018-06-01,0.0
2018-06-04,0.0
2018-06-05,0.0
2018-06-06,0.0
2018-06-07,0.0
2018-06-08,0.0
2018-06-11,0.0
2018-06-12,0.0
2018-06-13,0.0
2018-06-14,0.0
2018-06-15,0.0
2018-06-18,0.0
2018-06-19,0.0
2018-06-20,0.0
2018-06-21,0.0
2018-06-22,0.0
2018-06-25,0.0
2018-06-26,0.0
2018-06-27,0.0
2018-06-28,0.0
2018-06-29,0.0
2018-07-02,0.0
2018-07-03,0.0
2018-07-04,0.0
2018-07-05,0.0
2018-07-06,0.0
2018-07-09,0.0
2018-07-10,0.0
2018-07-11,0.0
2018-07-12,0.0
2018-07-13,0.0
2018-07-16,0.0
2018-07-17,0.0
2018-07-18,0.0
2018-07-19,0.0
2018-07-20,0.0
2018-07-23,0.0
2018-07-24,0.0
2018-07-25,0.0
2018-07-26,0.0
2018-07-27,0.0
2018-07-30,0.0
2018-07-31,0.0
2018-08-01,0.0
2018-08-02,0.0
2018-08-03,0.0
2018-08-06,0.0
2018-08-07,0.0
2018-08-08,0.0
2018-08-09,0.0
2018-08-10,0.0
2018-08-13,0.0
2018-08-14,0.0
2018-08-15,0.0
2018-08-16,0.0
2018-08-17,0.0
2018-08-20,0.0
2018-08-21,0.0
2018-08-22,0.0
2018-08-23,0.0
2018-08-24,0.0
2018-08-28,0.0
2018-08-29,0.0
2018-08-30,0.0
2018-08-31,0.0
2018-09-03,0.0
2018-09-04,0.0
2018-09-05,0.0
2018-09-06,0.0
2018-09-07,0.0
2018-09-10,0.0
2018-09-11,0.0
2018-09-12,0.0
2018-09-13,0.0
2018-09-14,0.0
2018-09-17,0.0
2018-09-18,0.0
2018-09-19,0.0
2018-09-20,0.0
2018-09-21,0.0
2018-09-24,0.0
2018-09-25,0.0
2018-09-26,0.0
2018-09-27,0.0
2018-09-28,0.0
2018-10-01,0.0
2018-10-02,0.0
2018-10-03,0.0
2018-10-04,0.0
2018-10-05,0.0
2018-10-08,0.0
2018-10-09,0.0
2018-10-10,0.0
2018-10-11,0.0
2018-10-12,0.0
2018-10-15,0.0
2018-10-16,0.0
2018-10-17,0.0
2018-10-18,0.0
2018-10-19,0.0
2018-10-22,0.0
2018-10-23,0.0
2018-10-24,0.0
2018-10-25,0.0
2018-10-26,0.0
2018-10-29,0.0
2018-10-30,0.0
2018-10-31,0.0
2018-11-01,0.0
2018-11-02,0.0
2018-11-05,0.0
2018-11-06,0.0
2018-11-07,0.0
2018-11-08,0.0
2018-11-09,0.0
2018-11-12,0.0
2018-11-13,0.0
2018-11-14,0.0
2018-11-15,0.0
2018-11-16,0.0
2018-11-19,0.0
2018-11-20,0.0
2018-11-21,0.0
2018-11-22,0.0
2018-11-23,0.0
2018-11-26,0.0
2018-11-27,0.0
2018-11-28,0.0
2018-11-29,0.0
2018-11-30,0.0
2018-12-03,0.0
2018-12-04,0.0
2018-12-05,0.0
2018-12-06,0.0
2018-12-07,0.0
2018-12-10,0.0
2018-12-11,0.0
2018-12-12,0.0
2018-12-13,0.0
2018-12-14,0.0
2018-12-17,0.0
2018-12-18,0.0
2018-12-19,0.0
2018-12-20,0.0
2018-12-21,0.0
2018-12-24,0.0
2018-12-27,0.0
2018-12-28,0.0
2018-12-31,0.0
2019-01-02,0.0
2019-01-03,0.0
2019-01-04,0.0
2019-01-07,0.0
2019-01-08,0.0
2019-01-09,0.0
2019-01-10,0.0
2019-01-11,0.0
2019-01-14,0.0
2019-01-15,0.0
2019-01-16,0.0
2019-01-17,0.0
2019-01-18,0.0
2019-01-21,0.0
2019-01-22,0.0
2019-01-23,0.0
2019-01-24,0.0
2019-01-25,0.0
2019-01-28,0.0
2019-01-29,0.0
2019-01-30,0.0
2019-01-31,0.0
2019-02-01,0.0
2019-02-04,0.0
2019-02-05,0.0
2019-02-06,0.0
2019-02-07,0.0
2019-02-08,0.0
2019-02-11,0.0
2019-02-12,0.0
2019-02-13,0.0
2019-02-14,0.0
2019-02-15,0.0
2019-02-18,0.0
2019-02-19,0.0
2019-02-20,0.0
2019-02-21,0.0
2019-02-22,0.0
2019-02-25,-0.0011502567536298969
2019-02-26,-0.002466147358583637
2019-02-27,-0.002290313068569194
2019-02-28,-0.0025442458611109053
2019-03-01,-0.006054173782753858
2019-03-04,-0.00705522396185132
2019-03-05,0.00043028081702911614
2019-03-06,0.0012323702871011033
2019-03-07,0.006600072034417925
2019-03-08,0.004703973423559882
2019-03-11,-0.004400584991169798
2019-03-12,0.0004227452618406069
2019-03-13,0.003057187766120961
2019-03-14,-0.0053143849705298285
2019-03-15,0.002229421263143516
2019-03-18,0.00023929640075759373
2019-03-19,0.0010169439276406234
2019-03-20,-0.007269867767157878
2019-03-21,0.0037034195276890447
2019-03-22,0.011204231980648904
2019-03-25,0.005811527863739174
2019-03-26,-0.0015717321807269258
2019-03-27,-0.0010448692839134521
2019-03-28,-0.012772061033238358
2019-03-29,0.00511497524148119
2019-04-01,-0.0021776856423422197
2019-04-02,-3.590610079995393e-05
2019-04-03,-0.003265093123496099
2019-04-04,-3.303649672936615e-05
2019-04-05,0.002720885170067744
2019-04-08,0.0003674478837554229
2019-04-09,0.004630134064684377
2019-04-10,0.0011412527598890776
2019-04-11,-0.007405106242042936
2019-04-12,-0.0055631542156902025
2019-04-15,-0.0036064925213952215
2019-04-16,-0.007485536816100424
2019-04-17,-0.001408873339851957
2019-04-18,0.006177312797939427
2019-04-23,-0.00290751909146747
2019-04-24,0.011340531820701605
2019-04-25,0.0034220874936676804
2019-04-26,0.005165317194433472
2019-04-29,-0.008957962089325866
2019-04-30,0.0005533419017302865
2019-05-01,0.0028099989836667394
2019-05-02,-0.007119103177415598
2019-05-03,0.0044205420550857966
2019-05-07,0.0048344465982237406
2019-05-08,-0.000327896631802882
2019-05-09,-0.0008800266416291169
2019-05-10,0.0006944389021421582
2019-05-13,0.007940419565575452
2019-05-14,-0.0009174246762987393
2019-05-15,0.0012004538851535518
2019-05-16,-0.0035309468842210645
2019-05-17,-0.003374497989792058
2019-05-20,0.0001981228413183711
2019-05-21,-0.0023023113228967107
2019-05-22,0.002999438604602611
2019-05-23,0.005628304521058336
2019-05-24,-0.002300158186600454
2019-05-28,0.002287804422984596
2019-05-29,0.005698759745931925
2019-05-30,0.0036475333445229463
2019-05-31,0.005925745535608096
2019-06-03,0.004620129137311579
2019-06-04,-0.0011029127971327046
2019-06-05,0.004818244322163157
2019-06-06,0.0017500417698539383
2019-06-07,-0.0008527108273719275
2019-06-10,-0.007706016614675182
2019-06-11,-0.002943453714323141
2019-06-12,0.005391128672502354
2019-06-13,0.005481415373140619
2019-06-14,0.011905468508645933
2019-06-17,-0.004838195502604448
2019-06-18,0.009599858586698762
2019-06-19,-0.007534686616928132
2019-06-20,0.015951388458167015
2019-06-21,-0.008361791911298933
2019-06-24,0.006463299025837754
2019-06-25,0.009462644667725728
2019-06-26,-0.007321526578724424
2019-06-27,-0.0012240766820078575
2019-06-28,0.002804224922453802
2019-07-01,0.0010042076341492123
2019-07-02,0.0049768872053990165
2019-07-03,0.008789477796737444
2019-07-04,-0.00019473348490628428
2019-07-05,-0.008260129539426786
2019-07-08,0.002810224809316031
2019-07-09,-0.0010304626801020955
2019-07-10,-0.0011472175972141452
2019-07-11,-0.0017822249945328439
2019-07-12,-0.00735124184220648
2019-07-15,0.005257303842763683
2019-07-16,0.001398595008875958
2019-07-17,0.006336244801973034
2019-07-18,-0.0030242449009337813
2019-07-19,0.006815057663841717
2019-07-22,0.0018825770450996426
2019-07-23,-0.0001944752165266017
2019-07-24,0.0027248782831235108
2019-07-25,-0.003652811266620537
2019-07-26,0.0026615616562242206
2019-07-29,-0.0008437786544617243
2019-07-30,0.001589039140410975
2019-07-31,0.008712961647727058
2019-08-01,0.002923722976931442
2019-08-02,0.01202726285672151
2019-08-05,0.003903447487373146
2019-08-06,0.0104060054309556
2019-08-07,0.0174480364913141
2019-08-08,-0.010769765657269614
2019-08-09,0.006842566037295494
2019-08-12,0.002621736448285228
2019-08-13,0.005011491820867242
2019-08-14,0.01429565419577572
2019-08-15,0.004783033089730493
2019-08-16,-0.0007044182309390301
2019-08-19,-0.005753975843265091
2019-08-20,0.00043844451952090857
2019-08-21,0.0022252734486964965
2019-08-22,-0.003641595536601261
2019-08-23,0.005214069382192932
2019-08-27,0.015364333061587354
2019-08-28,0.002440050101427449
2019-08-29,-0.003489267035739152
2019-08-30,0.0037574416022412294
2019-09-02,0.0028357855817504607
2019-09-03,0.009949929893050768
2019-09-04,-0.008916127224926074
2019-09-05,-0.016966310295915
2019-09-06,0.003959371413737367
2019-09-09,-0.011755465707359414
2019-09-10,-0.004461668315729805
2019-09-11,-0.002843613714418769
2019-09-12,-0.0039359607735800495
2019-09-13,-0.012619044455367878
2019-09-16,0.0093059742510182
2019-09-17,-0.0006397959169883727
2019-09-18,0.009280378801290956
2019-09-19,-0.005640552872893223
2019-09-20,0.004509888828302389
2019-09-23,0.01406155622573535
2019-09-24,0.001222872995807034
2019-09-25,0.0006137236628915854
2019-09-26,0.0005726040272453492
2019-09-27,-0.007027715751810604
2019-09-30,-0.003652314118178346
2019-10-01,0.006985966779243569
2019-10-02,0.0047263395624037585
2019-10-03,0.0021269364877372077
2019-10-04,-0.0001791414169921568
2019-10-07,-0.0008798649791518232
2019-10-08,0.003612741388954177
2019-10-09,-0.00554479885596737
2019-10-10,-0.012153043374923733
2019-10-11,-0.013012769574233696
2019-10-14,0.008289294745410514
2019-10-15,-0.007042584543282104
2019-10-16,-0.0033136733744821845
2019-10-17,-0.0009550108653501033
2019-10-18,-0.0048557709312473385
2019-10-21,-0.005559173209357171
2019-10-22,0.004315220585155544
2019-10-23,0.004843475334655567
2019-10-24,0.0045185456400704815
2019-10-25,0.0014575350103511742
2019-10-28,-0.012707318591020034
2019-10-29,-0.0010765343686720552
2019-10-30,0.0013238721435993028
2019-10-31,0.014351770088724125
2019-11-01,-0.00530040039678481
2019-11-04,-0.002073894183035163
2019-11-05,-0.008979841252272247
2019-11-06,0.0057070573576596395
2019-11-07,-0.011931763637508919
2019-11-08,0.0033915122261882757
2019-11-11,-0.007457262511971097
2019-11-12,0.0018824159986881028
2019-11-13,0.008206444393419554
2019-11-14,0.006735151843583198
2019-11-15,-0.006414667094452264
2019-11-18,0.0023334239816266145
2019-11-19,0.0025355003003177945
2019-11-20,0.001675496449754732
2019-11-21,0.0010875642638030758
2019-11-22,0.0027288320862517423
2019-11-25,-0.0008090657286001779
2019-11-26,0.0037401319527103905
2019-11-27,-0.0020452408795208488
2019-11-28,-0.0019023931336381583
2019-11-29,0.0021807934953519403
2019-12-02,-0.010489560682621746
2019-12-03,0.015207026648835553
2019-12-04,-0.008560837139404365
2019-12-05,-0.002358622615710293
2019-12-06,-0.0037253019459221326
2019-12-09,0.001027861968851962
2019-12-10,-0.0013421523674883584
2019-12-11,0.0016580514611264086
2019-12-12,-0.008970915180491867
2019-12-13,0.011068900618905086
2019-12-16,-0.009001657317546208
2019-12-17,0.00017288340685017722
2019-12-18,-0.0014999280996723652
2019-12-19,0.0005565330950016989
2019-12-20,0.003814547434433324
2019-12-23,0.001645727351753834
2019-12-24,0.001627777658910201
2019-12-27,0.0033873616519841665
2019-12-30,-0.006636238755791668
2019-12-31,0.00311065605885541
2020-01-02,0.006404728228620371
2020-01-03,0.012157222663061518
2020-01-06,-0.00034960021137253605
2020-01-07,0.005418451136174562
2020-01-08,0.0028963473571914644
2020-01-09,-0.010768664156565522
2020-01-10,0.009054486946901807
2020-01-13,-0.006786817541384327
2020-01-14,-0.0021079005656083893
2020-01-15,0.004248679358235252
2020-01-16,7.809913872036667e-05
2020-01-17,0.00511409795447082
2020-01-20,0.001187723557024345
2020-01-21,0.00290733448950542
2020-01-22,-0.0010976309137165075
2020-01-23,0.012085017782909047
2020-01-24,0.005757770551479302
2020-01-27,0.009668807720225603
2020-01-28,-0.0068764978083000194
2020-01-29,0.0032881089499905425
2020-01-30,0.00469724595255272
2020-01-31,-0.0015320234584623726
2020-02-03,-0.0015372484866239544
2020-02-04,-0.011985223408743972
2020-02-05,0.00387784630873389
2020-02-06,0.003694676321020829
2020-02-07,0.007649328628440255
2020-02-10,0.008300191566334547
2020-02-11,-0.004388985256714273
2020-02-12,0.0017865614232512872
2020-02-13,0.006033570647356656
2020-02-14,0.006940029257526126
2020-02-17,-0.00018956278841519847
2020-02-18,0.014922912390870957
2020-02-19,-0.0013692353588042883
2020-02-20,0.011639627317904688
2020-02-21,0.005699258396596685
2020-02-24,0.01695472483112681
2020-02-25,-0.010429999816236601
2020-02-26,-0.004844667424438898
2020-02-27,-0.002236421856189774
2020-02-28,-0.019762386435697166
2020-03-02,-0.0071824180386156344
2020-03-03,0.01520088950602827
2020-03-04,0.005777890232375293
2020-03-05,0.000344165478331826
2020-03-06,0.018153574893223556
2020-03-09,0.00360267305555384
2020-03-10,-0.0012115641557518542
2020-03-11,-0.01645462638447115
2020-03-12,-0.04783758209313749
2020-03-13,-0.007997720215510151
2020-03-16,0.00813087812578428
2020-03-17,0.02532498255206339
2020-03-18,-0.061216112538616474
2020-03-19,0.04067531769600419
2020-03-20,0.018425768066985704
2020-03-23,0.041607621069209566
2020-03-24,0.02239161847682003
2020-03-25,-0.0011963853208932784
2020-03-26,-0.014600492776223328
2020-03-27,-0.006927273831179748
2020-03-30,0.012571253836621166
2020-03-31,-0.008469954323498063
2020-04-01,0.006280576556094042
2020-04-02,0.017737912670393374
2020-04-03,0.007770090906125793
2020-04-06,0.006772463810445384
2020-04-07,-0.012670493763361046
2020-04-08,0.0035465423578415756
2020-04-09,0.0001177451611251712
2020-04-14,0.008298704573450166
2020-04-15,0.00828812890823949
2020-04-16,0.011374303557486032
2020-04-17,-0.009932755364290835
2020-04-20,-0.002046589144568345
2020-04-21,0.004524515311083777
2020-04-22,0.0034953062290454806
2020-04-23,0.01146487748781544
2020-04-24,-0.007346584421651592
2020-04-27,-0.004125179719984273
2020-04-28,-0.00040555187040813845
2020-04-29,-0.003550917987303337
2020-04-30,-0.006703062581221109
2020-05-01,-0.006071125523864573
2020-05-04,0.006645968925384604
2020-05-05,0.0019198810137639466
2020-05-06,-0.007456903358037503
2020-05-07,0.0038615215082777876
2020-05-11,-0.002458910442452722
2020-05-12,0.0011087532579694415
2020-05-13,0.007849304244085475
2020-05-14,0.00975493239565739
2020-05-15,-0.00021142957402631168
2020-05-18,-0.015896811079080142
2020-05-19,-0.00032013012901310756
2020-05-20,-0.0012001913920854923
2020-05-21,-0.0013235490134940742
2020-05-22,0.007837141767373046
2020-05-26,-0.015115016162854489
2020-05-27,-0.004139708981653389
2020-05-28,-0.0023506541933161484
2020-05-29,0.0024912501979688084
2020-06-01,-0.003006753273273266
2020-06-02,-0.006340409730345664
2020-06-03,-0.015501380149099742
2020-06-04,-0.0034247790678710865
2020-06-05,-0.01758519990718721
2020-06-08,0.00900905380533601
2020-06-09,0.011650662221904362
2020-06-10,-0.0030341455172675502
2020-06-11,0.019580459417237517
2020-06-12,-0.0017733002160318367
2020-06-15,-0.005830456501959125
2020-06-16,0.0009466226528076493
2020-06-17,-0.0022486407908961503
2020-06-18,0.006612493689515553
2020-06-19,0.006208247761522401
2020-06-22,0.000796340838832954
2020-06-23,-0.005057516371778981
2020-06-24,0.0070524393733149005
2020-06-25,0.003408028188330414
2020-06-26,0.002532817126949638
2020-06-29,0.00035347894688864123
2020-06-30,0.0028581164089516164
2020-07-01,-0.005973621711704236
2020-07-02,0.0025773680728875537
2020-07-03,-0.0016218300167373245
2020-07-06,-0.003856553398194018
2020-07-07,0.006991091437955843
2020-07-08,0.0012777449537082486
2020-07-09,0.0046400143309788255
2020-07-10,0.0018019255077048602
2020-07-13,-0.005618002521370125
2020-07-14,0.001261586125393066
2020-07-15,-0.00285399821863741
2020-07-16,0.0024566057838801836
2020-07-17,-0.0018625468324693362
2020-07-20,-0.0010182003230975178
2020-07-21,0.0016150777950745265
2020-07-22,0.0038371883417616104
2020-07-23,0.007716649366464212
2020-07-24,-0.0020750441049106616
2020-07-27,0.0028610541721145744
2020-07-28,0.007823108573455917
2020-07-29,-0.0074740374357570305
2020-07-30,-0.0021268675256691516
2020-07-31,0.009909514551815768
2020-08-03,-0.0016931163151341355
2020-08-04,0.005578914055817341
2020-08-05,0.004414809161873645
2020-08-06,0.003936058938573295
2020-08-07,0.0002711434502635779
2020-08-10,-0.00010453807862753628
2020-08-11,-0.024854616951546005
2020-08-12,-0.00647465571677841
2020-08-13,0.0002503943417511145
2020-08-14,-0.005859609958571821
2020-08-17,0.008260796248800162
2020-08-18,-0.0009164261726274381
2020-08-19,-0.0007011274651710364
2020-08-20,-0.0030596228637792544
2020-08-21,0.003396505557399454
2020-08-24,-0.0005797362940336281
2020-08-25,-0.010694533644735715
2020-08-26,0.0050766082793320955
2020-08-27,-0.008246048900840908
2020-08-28,0.0057569597134568
2020-09-01,0.0019437240873112493
2020-09-02,0.0021995565597043854
2020-09-03,-0.0026535223924395446
2020-09-04,-0.002443294827214726
2020-09-07,0.00037120279509594845
2020-09-08,0.004235354949364556
2020-09-09,0.001585263808780324
2020-09-10,0.00044327555792667006
2020-09-11,-0.0011767992427025309
2020-09-14,0.001677308383251086
2020-09-15,-0.0017266347438000818
2020-09-16,0.0066062327545937105
2020-09-17,-0.007291468891947983
2020-09-18,0.0005605541179038998
2020-09-21,-0.008002041225353418
2020-09-22,0.004454934385826004
2020-09-23,-0.0050400835696008395
2020-09-24,0.0005997679033504788
2020-09-25,0.002543830841954975
2020-09-28,-0.000855700515057567
2020-09-29,0.0006147009439849693
2020-09-30,-0.00017218282087083647
2020-10-01,0.0015704613059366324
2020-10-02,-7.171596881505593e-05
2020-10-05,-0.004731356757717187
2020-10-06,-0.002131893565384013
2020-10-07,-0.0030175355451121932
2020-10-08,0.00020830363690138576
2020-10-09,0.0042107688515398145
2020-10-12,-0.00020809311061320557
2020-10-13,-0.004663016632781569
2020-10-14,0.006164193343393798
2020-10-15,0.0012766582341650068
2020-10-16,-0.003683273444930024
2020-10-19,-0.0020694837427841506
2020-10-20,-0.0019396976064345317
2020-10-21,0.0037048803671655417
2020-10-22,-0.007101409071778031
2020-10-23,-0.004264369677405622
2020-10-26,0.0063234195414290095
2020-10-27,0.0026509399552516744
2020-10-28,-0.007251733513672587
2020-10-29,-0.0024866464754943474
2020-10-30,0.008398364110782763
2020-11-02,0.004645623870736415
2020-11-03,0.0038658679918111005
2020-11-04,-0.008665095848183202
2020-11-05,0.012969473446554192
2020-11-06,0.002233879114082571
2020-11-09,-0.025999432738588513
2020-11-10,0.01075513554842722
2020-11-11,-0.006020907163525879
2020-11-12,0.0004982795455101829
2020-11-13,0.0011949396233015275
2020-11-16,0.0013850901366097013
2020-11-17,-0.004680155974974398
2020-11-18,-0.0020716493182943996
2020-11-19,-0.009134421643844592
2020-11-20,0.0024871769882739425
2020-11-23,-0.006981721648087191
2020-11-24,-0.004471314200151788
2020-11-25,0.001344028764813654
2020-11-26,0.0006933549126812988
2020-11-27,-0.005875697726201334
2020-11-30,-0.001444742925297171
2020-12-01,0.00668929755811476
2020-12-02,0.004673461869076023
2020-12-03,-0.006850035479476602
2020-12-04,0.006424165854235442
2020-12-07,0.0014658557442515097
2020-12-08,-0.001978538210282599
2020-12-09,0.0007161501033690065
2020-12-10,0.0017084766298101073
2020-12-11,-0.003920557776676548
2020-12-14,-0.001327500168939677
2020-12-15,0.005439277729893943
2020-12-16,0.002049888414921819
2020-12-17,0.004336699877377281
2020-12-18,0.0036447733261486537
2020-12-21,-0.002395580091254179
2020-12-22,-0.0018258565229350987
2020-12-23,-3.228816329770012e-05
2020-12-24,0.0026183575794771485
2020-12-29,-0.0012581105953831662
2020-12-30,0.001507044767886434
2020-12-31,0.0008232090666273617
2021-01-04,0.006894385974743011
2021-01-05,0.008824873044444015
2021-01-06,0.0034628856093152915
2021-01-07,0.004221589706090434
2021-01-08,-0.0011442843510225398
2021-01-11,-0.0025645743565121393
2021-01-12,0.0038947218441971465
2021-01-13,0.00039062267300482567
2021-01-14,-6.025898793193818e-05
2021-01-15,-0.0009232711626314671
2021-01-18,0.00012150653821496604
2021-01-19,-0.0004577075385586715
2021-01-20,0.00045890853521335373
2021-01-21,0.0007032645620395073
2021-01-22,-0.0036292541953650836
2021-01-25,-0.0035434758711796466
2021-01-26,0.002793851996399477
2021-01-27,-0.002096735502667313
2021-01-28,0.0018737033325892938
2021-01-29,0.0009008379437807079
2021-02-01,0.0015133724105209634
2021-02-02,0.003868164720134626
2021-02-03,0.002759817135088216
2021-02-04,0.0013754755032950872
2021-02-05,0.0045304614508443475
2021-02-08,0.003833443536841008
2021-02-09,0.0001294664213129515
2021-02-10,-0.0007273374179611602
2021-02-11,0.0004969352837962404
2021-02-12,0.0033979827359775783
2021-02-15,0.004525528112537369
2021-02-16,0.0036841788417993904
2021-02-17,-0.0025452784807772355
2021-02-18,0.0033159593312122038
2021-02-19,0.004216379370651335
2021-02-22,0.004340096515594194
2021-02-23,0.003999468009949547
2021-02-24,0.0056297700855627575
2021-02-25,0.0028418550736801773
2021-02-26,-0.008642164717785228
2021-03-01,-0.001046460396926574
2021-03-02,-0.00222335243834082
2021-03-03,0.002683780716640438
2021-03-04,0.002693087484091139
2021-03-05,0.001549094258047834
2021-03-08,0.002723193534593271
2021-03-09,-0.002282746479200237
2021-03-10,-0.0013665685985829734
2021-03-11,0.004566633410377108
2021-03-12,0.0047887534909183405
2021-03-15,-0.00038362619086396155
2021-03-16,0.000707612583688233
2021-03-17,0.00033156249053289955
2021-03-18,-0.0014350412022757775
2021-03-19,-0.002986168499825359
2021-03-22,-0.0026746788409575117
2021-03-23,-0.0035803382642993764
2021-03-24,0.0022647551113637032
2021-03-25,-0.006186049158154905
2021-03-26,0.006123153527012537
2021-03-29,-0.0009052722514363287
2021-03-30,-0.0018011031901215002
2021-03-31,-0.0006216906653291332
2021-04-01,0.00044938299786068114
2021-04-06,0.002540431986796099
2021-04-07,-0.0028668820497456116
2021-04-08,0.0034095258622501845
2021-04-09,-9.938395799846678e-05
2021-04-12,-0.0015614254705695885
2021-04-13,0.001952214304060007
2021-04-14,0.0039350926469401415
2021-04-15,-0.0017302698488903534
2021-04-16,0.003230945714381095
2021-04-19,8.546357687944095e-05
2021-04-20,-0.0012487264170092383
2021-04-21,0.0037374887199261853
2021-04-22,0.0016039397767053654
2021-04-23,-0.00021661236031622622
2021-04-26,0.0033944013929472217
2021-04-27,0.004178072681081835
2021-04-28,0.0023082643800558245
2021-04-29,-0.001254510387790675
2021-04-30,-0.0012692516838861412
2021-05-04,0.005956636319216946
2021-05-05,0.003231302964580518
2021-05-06,0.0019292224668518987
2021-05-07,0.003068708235877793
2021-05-10,0.0003976329721377958
2021-05-11,0.004258732403324528
2021-05-12,0.00483238303321909
2021-05-13,-0.009210179699775889
2021-05-14,-0.0013421792287272583
2021-05-17,0.0018081550904429644
2021-05-18,0.002040364243463433
2021-05-19,-0.009298993944809042
2021-05-20,7.600007485342175e-06
2021-05-21,-0.0009417753917777549
2021-05-24,-0.0013810571559138562
2021-05-25,-0.0007499514310539412
2021-05-26,0.0012625288715175653
2021-05-27,0.0055507977177862156
2021-05-28,0.0015400614528249257
2021-06-01,0.005100239127953543
2021-06-02,-4.3703667986672023e-05
2021-06-03,-0.002563138981965918
2021-06-04,0.002604118930855437
2021-06-07,0.0006265698347798221
2021-06-08,-0.0003438266105415533
2021-06-09,-0.0021974948986609455
2021-06-10,0.0019934920646746956
2021-06-11,-0.001380577276413275
2021-06-14,-0.0019035268711492526
2021-06-15,-0.0025879773107553294
2021-06-16,0.0021857464607875077
2021-06-17,-0.014679110590235633
2021-06-18,-0.0034312609733323507
2021-06-21,0.004144797117184851
2021-06-22,0.0026938374478111538
2021-06-23,0.0013228561074123402
2021-06-24,-0.002686909879219823
2021-06-25,0.003601439720545274
2021-06-28,0.0004367675483474276
2021-06-29,0.001590638044786541
2021-06-30,-0.004519685884315727
2021-07-01,0.009535415309238404
2021-07-02,-0.0009154282018927207
2021-07-05,0.001645304181147944
2021-07-06,-0.01295101385970543
2021-07-07,-0.004422664166298884
2021-07-08,-0.0017762141893300498
2021-07-09,0.007522955473959536
2021-07-12,0.001711844387355832
2021-07-13,0.00659740584151125
2021-07-14,0.0007924471560982749
2021-07-15,-0.002124516357345674
2021-07-16,0.0008440933146893759
2021-07-19,-0.0218573631796668
2021-07-20,0.00850479020776529
2021-07-21,0.010451162385357371
2021-07-22,0.0002583849785471326
2021-07-23,0.00618433084609582
2021-07-26,0.0014621771214902157
2021-07-27,-0.0017660029376850295
2021-07-28,0.00025028320477837873
2021-07-29,0.005306005578436412
2021-07-30,-0.004223858790655677
2021-08-02,-0.00508907985909135
2021-08-03,-0.005247611617211212
2021-08-04,0.0011322386675118867
2021-08-05,0.0031707378828675914
2021-08-06,0.0010179138418331402
2021-08-09,-0.009139932543251406
2021-08-10,0.011005896405555271
2021-08-11,0.0006669914668473442
2021-08-12,0.0012352682362901657
2021-08-13,0.0005985211951178293
2021-08-16,-0.004013053091997176
2021-08-17,-0.0001505488527389076
2021-08-18,-0.005343976326233291
2021-08-19,-0.018814566160297974
2021-08-20,-0.0005514951620847475
2021-08-23,0.008143395819625976
2021-08-24,0.012421400947842054
2021-08-25,0.004872509550358117
2021-08-26,3.279666813216231e-05
2021-08-27,0.002964804699993051
2021-08-31,5.1710502117829904e-05
2021-09-01,-0.004492499405714723
2021-09-02,0.0064733138981956095
2021-09-03,0.0029266969322538916
2021-09-06,-0.00031814799992124776
2021-09-07,-0.004882356823432632
2021-09-08,0.00969298025316534
2021-09-09,-0.005673412864183436
2021-09-10,0.0021893462998798796
2021-09-13,0.0026510508417854073
2021-09-14,-0.0004892383265359124
2021-09-15,0.008977900287770346
2021-09-16,-0.008519279356091536
2021-09-17,0.0016324424051319397
2021-09-20,-0.010084558933304844
2021-09-21,-0.0038185753511856824
2021-09-22,0.01194831910460703
2021-09-23,0.006412219619802206
2021-09-24,0.006906349846982129
2021-09-27,0.012968535683956173
2021-09-28,0.0005453047656602816
2021-09-29,0.0007121215848220341
2021-09-30,0.006025791540801961
2021-10-01,-0.0006785721821774837
2021-10-04,0.009109228056436214
2021-10-05,0.00900127013249441
2021-10-06,-0.006430355474510652
2021-10-07,0.004367674791402543
2021-10-08,0.008148149735303978
2021-10-11,0.002173144509378222
2021-10-12,-0.0015044328922034778
2021-10-13,-0.004803879183515103
2021-10-14,0.009546756849088345
2021-10-15,0.006590959281889575
2021-10-18,-0.0037523303726122448
2021-10-19,-0.0058308982728795256
2021-10-20,0.002317282780815111
2021-10-21,-0.011927295158528084
2021-10-22,0.004032024797848033
2021-10-25,0.014070060206073487
2021-10-26,-2.247398735533146e-05
2021-10-27,-0.0036038693839587355
2021-10-28,-0.007209534778350513
2021-10-29,0.008524934460302891
2021-11-01,-0.0037892365500150627
2021-11-02,0.004633197433240532
2021-11-03,-0.00879854218578302
2021-11-04,0.002434909697301757
2021-11-05,0.006078211372532616
2021-11-08,0.0012155070829100723
2021-11-09,-0.00166973035305229
2021-11-10,0.01300687263794531
2021-11-11,0.0016331363213453187
2021-11-12,0.0018146164011820787
2021-11-15,0.0035935489453402525
2021-11-16,0.008001247349931795
2021-11-17,-0.0038115104926771393
2021-11-18,-0.004018144206481611
2021-11-19,0.007557427811244022
2021-11-22,0.003920483463033753
2021-11-23,-0.0001793359035671127
2021-11-24,0.011495493634450238
2021-11-25,-0.0009145637510339366
2021-11-26,-0.023199963712441596
2021-11-29,0.0005821920328525909
2021-11-30,-0.014505669247760089
2021-12-01,0.002534465989891821
2021-12-02,0.0016074933763952082
2021-12-03,0.004192559326015033
2021-12-06,-0.0016482670428942248
2021-12-07,0.010230658841618778
2021-12-08,-0.009874323972382859
2021-12-09,0.0010767631134520617
2021-12-10,-0.0010658386312450974
2021-12-13,0.00627310060672448
2021-12-14,-0.004699086056066948
2021-12-15,-0.006427118664596554
2021-12-16,0.005400860218604198
2021-12-17,0.006056336106625926
2021-12-20,-0.012678960816355334
2021-12-21,0.0044175072719461195
2021-12-22,0.00809624810229792
2021-12-23,-0.0007648400659062693
2021-12-24,-0.0003348644873089057
2021-12-29,0.00416470969950522
2021-12-30,-0.0006328326003215423
2021-12-31,-0.0049862073100004345
2022-01-04,0.00620376795428812
2022-01-05,0.0022735360634553725
2022-01-06,-0.002689116777570555
2022-01-07,-0.0030030651530581487
2022-01-10,0.00046491246645352646
2022-01-11,0.006606161742999772
2022-01-12,0.001264891566616022
2022-01-13,-0.004327192065049279
2022-01-14,0.003253479141016813
2022-01-17,0.0004630111662160541
2022-01-18,0.006361647785334101
2022-01-19,0.006442326800642828
2022-01-20,0.007908744700639625
2022-01-21,-0.0025443242281535383
2022-01-24,-0.005470904209189942
2022-01-25,0.006652520853800192
2022-01-26,0.007110874648780241
2022-01-27,0.00460691624320253
2022-01-28,0.00035519753522961217
2022-01-31,-0.007236148640141549
2022-02-01,0.0009450740883867326
2022-02-02,0.0004825970189692441
2022-02-03,-0.011493353598680423
2022-02-04,4.1034079434121296e-05
2022-02-07,0.003905169794700347
2022-02-08,-0.0026611204917807996
2022-02-09,0.008117435800915507
2022-02-10,-0.001021378771882353
2022-02-11,-0.001157275801135338
2022-02-14,0.009375427457351204
2022-02-15,-0.007514164151232072
2022-02-16,0.006197083983653817
2022-02-17,0.003329032697075407
2022-02-18,0.004872393758272864
2022-02-21,0.0050246014830981345
2022-02-22,0.001828689379906212
2022-02-23,0.005295021578766823
2022-02-24,0.023979373017147365
2022-02-25,-0.03197033013831441
2022-02-28,0.018515425119017603
2022-03-01,0.03896552166973244
2022-03-02,0.006536393355232706
2022-03-03,0.012548769709359586
2022-03-04,0.031981227380663
2022-03-07,0.026824978589947257
2022-03-08,0.012978721883839084
2022-03-09,-0.0511959224883467
2022-03-10,-0.00833834996439986
2022-03-11,0.007990981092659943
2022-03-14,-0.014219217369292658
2022-03-15,-0.01531529394902631
2022-03-16,0.001384229453565311
2022-03-17,0.006908863334124327
2022-03-18,-0.0005826145497614954
2022-03-21,0.019232510496599797
2022-03-22,-0.009175467183474617
2022-03-23,0.023522503072113787
2022-03-24,0.0022508157526290873
2022-03-25,0.001894812987964345
2022-03-28,-0.017907808241946155
2022-03-29,-0.0209135254694095
2022-03-30,0.012183981188887527
2022-03-31,0.0034678032712642803
2022-04-01,-0.002630013110857976
2022-04-04,0.012442749397557407
2022-04-05,0.005092968050013136
2022-04-06,-0.0043978833169668885
2022-04-07,-0.005163113188130564
2022-04-08,0.012812395875698712
2022-04-11,-0.00035130361687207845
2022-04-12,0.020030595786253214
2022-04-13,-0.0015863773509658952
2022-04-14,0.007585575293081126
2022-04-19,0.00330140332900708
2022-04-20,-0.00918269898447921
2022-04-21,-0.0023569017812556936
2022-04-22,-0.0034879700755153786
2022-04-25,-0.01811942366954089
2022-04-26,0.021396213385198815
2022-04-27,0.005968153286345368
2022-04-28,0.006749598509441457
2022-04-29,0.0016991868617002304
2022-05-03,-0.008362629233607421
2022-05-04,-0.002655129413811297
2022-05-05,0.014913482179264026
2022-05-06,0.0003367564876306517
2022-05-09,-0.027375147270729316
2022-05-10,-0.0028632234885700436
2022-05-11,0.01342237143222813
2022-05-12,0.0022140898980842483
2022-05-13,0.0013256226588620468
2022-05-16,0.007025153392769434
2022-05-17,0.00018845732349337396
2022-05-18,-0.0069678819624438
2022-05-19,-0.002876697157883523
2022-05-20,0.00385707058493745
2022-05-23,-0.005530687102445309
2022-05-24,-0.0027786936860763056
2022-05-25,0.001827548134318402
2022-05-26,0.004867636329748404
2022-05-27,0.00215277965662386
2022-05-30,0.0008232477092291468
2022-05-31,-0.001308775664339512
2022-06-01,0.005165978491390222
2022-06-06,0.015455181360648496
2022-06-07,7.859475130977955e-05
2022-06-08,0.008657342076418661
2022-06-09,0.0035599105247188234
2022-06-10,0.004563866938191108
2022-06-13,-0.005181379082998205
2022-06-14,-0.003778719204908576
2022-06-15,0.00041896367638583065
2022-06-16,-0.01068856192722667
2022-06-17,-0.007755626443539665
2022-06-20,-0.009653977113254886
2022-06-21,0.0019506087886340673
2022-06-22,-0.013883322459222414
2022-06-23,-0.009744569814971182
2022-06-24,-0.0029376770796444296
2022-06-27,-0.0042625608835360485
2022-06-28,0.008810627361202972
2022-06-29,0.005685762291110841
2022-06-30,-0.01901504056338843
2022-07-01,-0.005051479941022841
2022-07-04,0.002136072396037525
2022-07-05,-0.022236299591335107
2022-07-06,-0.005289996519169504
2022-07-07,0.022192482069275377
2022-07-08,0.007800522451913983
2022-07-11,0.0090754917447875
2022-07-12,-0.01993490418998589
2022-07-13,-4.4384373794059684e-05
2022-07-14,-0.01032819212016478
2022-07-15,0.0003075693279652736
2022-07-18,0.015609996149929417
2022-07-19,-0.012032264793158776
2022-07-20,0.0034714707104415155
2022-07-21,-0.008103660023538573
2022-07-22,0.004678848352857479
2022-07-25,-0.0016494318067293845
2022-07-26,0.01198082131945477
2022-07-27,-0.001466427370632517
2022-07-28,0.01082272908771209
2022-07-29,0.0066178950272532955
2022-08-01,-0.02009099905524947
2022-08-02,0.006824981366799765
2022-08-03,-0.0028887359009069913
2022-08-04,-0.003887205275582839
2022-08-05,0.00724473000766257
2022-08-08,-2.277454878640839e-05
2022-08-09,0.003116802137935526
2022-08-10,-0.0015118175588557659
2022-08-11,0.007937089075572779
2022-08-12,0.008419157835637847
2022-08-15,-0.006188517415950945
2022-08-16,0.0016939813292802253
2022-08-17,-0.004819022506208692
2022-08-18,0.011776638882836199
2022-08-19,0.0036431215704215703
2022-08-22,0.008187230365208853
2022-08-23,0.01140274533492125
2022-08-24,-0.0006798943733892227
2022-08-25,0.0020863095012317867
2022-08-26,-0.004524050323365891
2022-08-30,-0.009325317622693063
2022-08-31,-0.008669311103401856
2022-09-01,-0.003886361778627778
2022-09-02,0.003158870069110309
2022-09-05,0.006936002976228428
2022-09-06,-0.008100203290555719
2022-09-07,-0.014795406489733876
2022-09-08,-0.003105860532017224
2022-09-09,0.008678190837897226
2022-09-12,0.006874009896988165
2022-09-13,0.008703986942231623
2022-09-14,-0.0007987162071003695
2022-09-15,-0.014597012241102991
2022-09-16,-0.0018754936890477136
2022-09-20,0.0017676760259419666
2022-09-21,0.005460836435166705
2022-09-22,0.0024096549206342743
2022-09-23,-0.008397336994430793
2022-09-26,-0.0025132394187862284
2022-09-27,0.002195276565379878
2022-09-28,-0.008785054123477076
2022-09-29,-0.0017532481128625932
2022-09-30,0.003833171082874065
2022-10-03,6.450275581348919e-05
2022-10-04,0.007776927522438193
2022-10-05,0.009903524419651255
2022-10-06,0.009028699685901254
2022-10-07,0.00748461593590255
2022-10-10,0.007821956394577834
2022-10-11,-0.014386683492866426
2022-10-12,-0.0021249664762914566
2022-10-13,-0.0026845188585007396
2022-10-14,-0.0009228589060003012
2022-10-17,-0.009833368619634575
2022-10-18,-0.007119172006604724
2022-10-19,6.247669068581985e-05
2022-10-20,0.008251623728346758
2022-10-21,-0.004573428321596795
2022-10-24,0.003978730816025067
2022-10-25,-0.004639525111440945
2022-10-26,0.0008956861406699268
2022-10-27,-0.0005587629257975957
2022-10-28,-0.008390615109641786
2022-10-31,0.007882928717272808
2022-11-01,0.004970406921463333
2022-11-02,0.005077809458811533
2022-11-03,0.004521222505793787
2022-11-04,0.010899933797323014
2022-11-07,0.0042176008966974265
2022-11-08,-0.004323282271550544
2022-11-09,-0.006747499065236862
2022-11-10,-0.006272457720283953
2022-11-11,0.0006009179152577371
2022-11-14,0.0022462421756246354
2022-11-15,-0.005545835134483257
2022-11-16,-0.005135613473219447
2022-11-17,-0.004063584616019966
2022-11-18,0.00039078506801004664
2022-11-21,-0.005227728689378264
2022-11-22,0.002299549559474423
2022-11-23,-0.002795138014940246
2022-11-24,-0.0016048964154433687
2022-11-25,0.0022101752350465187
2022-11-28,-0.00348742916627498
2022-11-29,0.002108008262946992
2022-11-30,0.0041528718826917554
2022-12-01,-0.002180290804241869
2022-12-02,-0.004680486771365011
2022-12-05,-0.0034249716458446544
2022-12-06,-0.004208428139726883
2022-12-07,-0.005056822521378068
2022-12-08,-0.00019181522979161425
2022-12-09,0.005891247756067308
2022-12-12,0.0006081951146472697
2022-12-13,0.0010162542186700207
2022-12-14,0.0020381286943740307
2022-12-15,-0.007278087733512684
2022-12-16,0.0025565078081983827
2022-12-19,0.00529220377197559
2022-12-20,0.00569655993600704
2022-12-21,0.0009559399533629609
2022-12-22,-0.0023825487164800263
2022-12-23,0.0014859569979543963
2022-12-28,0.00943041867586425
2022-12-29,-0.00185182231374037
2022-12-30,0.0009539997032883551
2023-01-03,-0.004122222986770563
2023-01-04,-0.0031000166896960613
2023-01-05,-0.0027605882349489574
2023-01-06,-0.001687075253663295
2023-01-09,0.0008389587907056129
2023-01-10,0.003462970050376768
2023-01-11,-0.002887857442625541
2023-01-12,0.0006261648865808489
2023-01-13,-0.0018941322982525266
2023-01-16,0.0032725425216695303
2023-01-17,-0.0013307390520079787
2023-01-18,-0.0031426390657979253
2023-01-19,-0.0003184260984526732
2023-01-20,0.005132317623585125
2023-01-23,0.0008450364027545731
2023-01-24,-0.0021100772825243252
2023-01-25,0.0007730347962602302
2023-01-26,-8.104029847599836e-05
2023-01-27,-0.0007635743946162732
2023-01-30,0.00035526596303769864
2023-01-31,0.0005462120045998109
2023-02-01,-0.0010816715849286673
2023-02-02,-0.0070759713934153146
2023-02-03,0.0015394496521077272
2023-02-06,-0.0006654148185728515
2023-02-07,0.0025522629113128303
2023-02-08,0.0027297051657970695
2023-02-09,-0.00466737869339362
2023-02-10,0.00612498024440411
2023-02-13,-0.0004591076673722272
2023-02-14,0.0011948899940905644
2023-02-15,-0.0012364636883390734
2023-02-16,0.002673241336918153
2023-02-17,0.0014518605489826086
2023-02-20,-0.000570495655005554
2023-02-21,0.001485172080404773
2023-02-22,-0.001225453655787856
2023-02-23,-0.003823704964596497
2023-02-24,0.0016967369519567121
2023-02-27,0.0010944128003478326
2023-02-28,0.0007806054757799608
2023-03-01,0.002714805259769193
2023-03-02,0.0029529203110325586
2023-03-03,-0.004083059071872008
2023-03-06,-0.0009763632204650152
2023-03-07,-0.004009351017102758
2023-03-08,-0.0014535250588740833
2023-03-09,0.0025479505592718166
2023-03-10,-0.006202101107975699
2023-03-13,-0.0025744156326618084
2023-03-14,0.005796253154212838
2023-03-15,-0.008589113405778614
2023-03-16,0.0036494947081433526
2023-03-17,-0.0016105718370001965
2023-03-20,0.002846899948325099
2023-03-21,0.004562043736554555
2023-03-22,0.0009710510272320505
2023-03-23,-0.0006714704865017351
2023-03-24,-0.0043963616550176665
2023-03-27,0.0046198324335791074
2023-03-28,0.003779417334201396
2023-03-29,0.0006532180435390167
2023-03-30,-0.0001342076785789681
2023-03-31,-0.003211254829416532
2023-04-03,-0.0016031376509797468
2023-04-04,-0.0005979695885740544
2023-04-05,-0.0022621062263572522
2023-04-06,-0.0016064944834400796
2023-04-11,0.004653688145652257
2023-04-12,0.0017372006162079678
2023-04-13,0.0022537503303625694
2023-04-14,0.00250089359441219
2023-04-17,0.0015139042390921453
2023-04-18,0.0008849342372903024
2023-04-19,0.0010952878961771884
2023-04-20,-0.004638723473211814
2023-04-21,0.0011764002019309938
2023-04-24,-0.0008805919571605036
2023-04-25,-0.005959582650351236
2023-04-26,0.0020617554746020783
2023-04-27,0.002907335285123658
2023-04-28,-0.0032767270219815625
2023-05-02,0.0004900997827237408
2023-05-03,-0.002802280546657321
2023-05-04,4.531649915251457e-05
2023-05-05,0.005718325641901334
2023-05-09,0.0005551580185434446
2023-05-10,-2.46491919880798e-05
2023-05-11,-0.004332414328428125
2023-05-12,-0.0019576081982534133
2023-05-15,0.005452299664719273
2023-05-16,0.0014382079270645054
2023-05-17,-0.003197689158585093
2023-05-18,-0.0012766356901159348
2023-05-19,0.0039685675939162834
2023-05-22,0.0009243842247266265
2023-05-23,0.00015906685507260931
2023-05-24,-0.001110855891389373
2023-05-25,-0.0015586344032113564
2023-05-26,8.520175932980045e-05
2023-05-30,-0.003149076273276208
2023-05-31,-0.00023209853852201867
2023-06-01,-6.689312212415643e-05
2023-06-02,0.00015389083082228971
2023-06-05,0.0003683705759149891
2023-06-06,0.0002576851948987713
2023-06-07,0.001833134121979052
2023-06-08,0.00039509291608563757
2023-06-09,-0.0008588452823324877
2023-06-12,-0.0006590693129339131
2023-06-13,-0.0004130500503327639
2023-06-14,0.0004507250218268588
2023-06-15,-0.002088598967911137
2023-06-16,0.0019987607307510036
2023-06-19,0.002153383561637634
2023-06-20,-0.0070755786453653435
2023-06-21,0.0025533175963967647
2023-06-22,-0.0031711182269946736
2023-06-23,-0.0016433766238668213
2023-06-26,0.00019342733333527207
2023-06-27,-0.00042595711954995785
2023-06-28,-0.0014283199605202856
2023-06-29,0.0023204598846047197
2023-06-30,-0.00040792623112473336
2023-07-03,0.0019130823840483036
2023-07-04,0.0003043855789059968
2023-07-05,0.0016612841942797996
2023-07-06,0.0027033539047867094
2023-07-07,0.0031238902227241905
2023-07-10,-0.00016894136779987967
2023-07-11,0.0006792450615298318
2023-07-12,0.00019295796986207314
2023-07-13,-0.0018803367922723968
2023-07-14,-0.0003261147061269787
2023-07-17,0.0002899882431912637
2023-07-18,0.0014149476942482142
2023-07-19,0.00027492519174021623
2023-07-20,0.0005775938921204204
2023-07-21,-0.0022412862857196236
2023-07-24,0.0023190410330644617
2023-07-25,0.0017164624310725962
2023-07-26,0.0003902449205008818
2023-07-27,0.00037251839981822243
2023-07-28,0.0025314567388901033
2023-07-31,-4.565087541796853e-05
2023-08-01,0.0008337304014576219
2023-08-02,0.0022620944906395213
2023-08-03,0.004001132945071761
2023-08-04,-0.0020014861996654476
2023-08-07,-0.0007560103709545185
2023-08-08,-0.0031805789253874783
2023-08-09,-0.0011089134881453466
2023-08-10,0.0008848155861671536
2023-08-11,0.002754022900739672
2023-08-14,-0.0009097108249643826
2023-08-15,0.00019703527347147975
2023-08-16,0.0010634770192214926
2023-08-17,0.0020711010125054052
2023-08-18,-0.0014505187314372003
2023-08-21,0.00406796589741365
2023-08-22,-0.0011002336483203479
2023-08-23,-0.0016913915820575554
2023-08-24,-0.0006432881758439146
2023-08-25,-0.0008438555873540032
2023-08-29,0.0010043837208337791
2023-08-30,-0.00016885777150887904
2023-08-31,-0.0006651116423226355
2023-09-01,0.0038714480383814642
2023-09-04,0.0003418117866580417
2023-09-05,0.0021314202565350104
2023-09-06,-0.0015771435801702482
2023-09-07,-4.207776378906125e-05
2023-09-08,-0.0013009100064399481
2023-09-11,0.0019928809168774375
2023-09-12,-0.0008144916871039021
2023-09-13,-0.000709840027306563
2023-09-14,0.0016733780245277163
2023-09-15,0.002298063268285633
2023-09-18,0.0005511599037777426
2023-09-19,0.00034963479886740423
2023-09-20,0.00048171378883199445
2023-09-21,0.0057784231032516065
2023-09-22,-0.0016821740425523313
2023-09-25,0.0045432204344553195
2023-09-26,-3.668347472263189e-05
2023-09-27,-0.0006106368529044115
2023-09-28,0.0004755109103182775
2023-09-29,-0.00483952139017918
2023-10-02,0.002243682994358842
2023-10-03,0.00723798800954234
2023-10-04,-0.002400434324702383
2023-10-05,4.0523090534261286e-05
2023-10-06,0.0037610412075623767
2023-10-09,-0.0007700097816150109
2023-10-10,-0.0023061839480246205
2023-10-11,-0.007092844582896496
2023-10-12,0.0028888456828721765
2023-10-13,0.0020782400140990642
2023-10-16,0.00725251179058084
2023-10-17,0.004295394553122334
2023-10-18,0.00657215096671071
2023-10-19,0.0023054170516831896
2023-10-20,0.005391344541681553
2023-10-23,-0.004366756242306424
2023-10-24,-0.003049875314308781
2023-10-25,0.003315451877067499
2023-10-26,-0.0009131031618070384
2023-10-27,-0.0006971017896105769
2023-10-30,0.003654759610110636
2023-10-31,-0.004712781812187039
2023-11-01,-0.003064476796230009
2023-11-02,-0.007365218700106535
2023-11-03,-0.005008868565521518
2023-11-06,0.005999815387626395
2023-11-07,-0.007719815598979496
2023-11-08,-0.005993551823759491
2023-11-09,0.0014937672285166848
2023-11-10,0.0005119856143882551
2023-11-13,0.0038489883763739297
2023-11-14,-0.0034955613662015494
2023-11-15,0.004455989604648103
2023-11-16,-0.0044921414909926405
2023-11-17,-0.000273459041059243
2023-11-20,0.0010548528197804607
2023-11-21,-0.003520543999789627
2023-11-22,-0.002542198414786978
2023-11-23,0.0027560306943859025
2023-11-24,0.0029499535235821828
2023-11-27,-0.0019498186763584613
2023-11-28,-0.0010327099362560377
2023-11-29,-0.004663074937385159
2023-11-30,-0.000580090198055383
2023-12-01,-0.002098349731561089
2023-12-04,-0.0035232932653862514
2023-12-05,-0.012658280031996982
2023-12-06,-0.006950457002368626
2023-12-07,-0.0003478356347029754
2023-12-08,0.006394086003307153
2023-12-11,-0.0010761981164978396
2023-12-12,-0.0019845811805702107
2023-12-13,-0.002463796075326985
2023-12-14,-0.010044151008572588
2023-12-15,-0.005553813035334199
2023-12-18,0.004689546731803329
2023-12-19,0.0003990840019816311
2023-12-20,-0.000575773090696341
2023-12-21,-0.0018923552960439238
2023-12-22,0.0012546538660058726
2023-12-27,0.0023213869010700883
2023-12-28,-0.0023196350567730173
2023-12-29,0.002253764055428986
2024-01-02,0.00019487662971062747
2024-01-03,0.0007714263654019504
2024-01-04,0.002521297978249848
2024-01-05,0.002256395062027794
2024-01-08,-0.0028107554206474594
2024-01-09,0.003353337605472184
2024-01-10,0.0017183586937672413
2024-01-11,0.002822715841946044
2024-01-12,-0.0035818103265475854
2024-01-15,0.002592791694458141
2024-01-16,0.001560149152204371
2024-01-17,0.00044223934941145515
2024-01-18,0.0038737040708498593
2024-01-19,0.001885171563451138
2024-01-22,-0.004689571161209161
2024-01-23,0.005694146442803971
2024-01-24,0.00027065518665669863
2024-01-25,-0.0031574402563430137
2024-01-26,1.1707253593673528e-05
2024-01-29,-0.0013102365870506505
2024-01-30,-0.0020720063432180247
2024-01-31,-0.0038475878908120764
2024-02-01,-0.009107017068241796
2024-02-02,0.006797658712968779
2024-02-05,0.006005300274926073
2024-02-06,-0.00042644591749174676
2024-02-07,0.0003564819127439556
2024-02-08,0.0032089816076112943
2024-02-09,-0.0015187831145262454
2024-02-12,-0.00039710433872774953
2024-02-13,0.00081813770753425
2024-02-14,-0.0001432292085142839
2024-02-15,-0.000341155434597451
2024-02-16,0.003486235962993911
2024-02-19,0.0027222441796459496
2024-02-20,-0.002087354777164818
2024-02-21,0.0020828550906157872
2024-02-22,-0.0005705068471510977
2024-02-23,-0.0032673261813437326
2024-02-26,0.0002606412424002169
2024-02-27,0.001968657930700557
2024-02-28,0.0004070284425818915
2024-02-29,-0.0034828858044624322
2024-03-01,0.004117136970836377
2024-03-04,0.008361580586116357
2024-03-05,-0.005712843877971996
2024-03-06,0.0010649609691111284
2024-03-07,0.0006556871057075142
2024-03-08,0.003132767753843302
2024-03-11,0.0015872971718573492
2024-03-12,-0.0007818681207854006
2024-03-13,0.003416885474096354
2024-03-14,0.0020872734964336725
2024-03-15,0.0004936440784815144
2024-03-18,0.0006071688701898559
2024-03-19,-0.000929795034731562
2024-03-20,-0.002526927712234839
2024-03-21,0.007527318685669693
2024-03-22,-0.004013452218111002
2024-03-25,0.003389296940888631
2024-03-26,-0.00018382108207826153
2024-03-27,0.0012301532618974598
2024-03-28,0.00776572272281939
2024-04-02,0.017075732692318546
2024-04-03,0.0069740265428983594
2024-04-04,-0.0007771530187826725
2024-04-05,0.009043147071895685
2024-04-08,0.002240159812479936
2024-04-09,0.0012602137643900058
2024-04-10,0.006130108219733588
2024-04-11,0.0031338305266417343
2024-04-12,0.014183920580719711
2024-04-15,-0.009569286017291012
2024-04-16,0.008265464284229473
2024-04-17,-0.002650634864703738
2024-04-18,0.0008471043063080774
2024-04-19,0.000988245396224663
2024-04-22,-0.011986339592134132
2024-04-23,-0.006683216549942639
2024-04-24,0.002226583347242128
2024-04-25,-0.0009301328327105951
2024-04-26,0.0029825090060218162
2024-04-29,-0.0007268525753993949
2024-04-30,-0.009612855926386388
2024-05-01,0.0002833325438615919
2024-05-02,-0.003979461527713557
2024-05-03,-0.005037109784451155
2024-05-07,0.007598118231706863
2024-05-08,0.0017568272691570463
2024-05-09,0.002127672066738251
2024-05-10,0.010368699766074352
2024-05-13,-0.010513461065034369
2024-05-14,0.0037147512782753633
2024-05-15,0.004497205709892871
2024-05-16,0.001289867974194614
2024-05-17,0.008879307975273365
2024-05-20,0.007101235239682424
2024-05-21,0.00196252630373861
2024-05-22,-0.011071446443630006
2024-05-23,-0.013553433850419516
2024-05-24,-0.005179877509431385
2024-05-28,0.007811282661401853
2024-05-29,-0.002203446115594865
2024-05-30,-0.0014373440352323241
2024-05-31,-0.005468255476433814
2024-06-03,-0.0016195630001037964
2024-06-04,-0.005364160628676395
2024-06-05,0.009097688891963607
2024-06-06,0.006223492685611065
2024-06-07,-0.01740294069253412
2024-06-10,0.0012715020523696996
2024-06-11,0.005319814867691397
2024-06-12,0.00014967108056040956
2024-06-13,-0.0016006351187356493
2024-06-14,0.009853786751741644
2024-06-17,-0.006006564260334302
2024-06-18,0.0022356263447309566
2024-06-19,0.0005175041217464482
2024-06-20,0.014533246649798715
2024-06-21,-0.0102804385137516
2024-06-24,-0.001496734512572262
2024-06-25,-0.00280052421214938
2024-06-26,-0.004567690621395282
2024-06-27,0.008385043538508663
2024-06-28,0.0002725939775680697
2024-07-01,-0.0028643087540649592
2024-07-02,0.0002022936921459717
2024-07-03,0.010752270818421783
2024-07-04,-0.004216961037872835
2024-07-05,0.007767345123738334
2024-07-08,-0.004646569941954448
2024-07-09,-0.006281829077204204
2024-07-10,0.008687172061894177
2024-07-11,0.013044702516256335
2024-07-12,-0.008105839620885402
2024-07-15,0.010970839254756726
2024-07-16,0.00843754502009797
2024-07-17,-0.002420727338481532
2024-07-18,0.0045732909275377764
2024-07-19,-0.02270145229854803
2024-07-22,-0.008544429968643685
2024-07-23,0.011976643252984864
2024-07-24,0.009071907149197367
2024-07-25,-0.026041959679720894
2024-07-26,0.007366863928165657
2024-07-29,-0.0012353940120561901
2024-07-30,0.004298063960212151
2024-07-31,0.014368915145631211
2024-08-01,0.012873895389120982
2024-08-02,-0.020756454681169823
2024-08-05,-0.011993595080650676
2024-08-06,-0.007196475165177296
2024-08-07,0.007136758738524485
2024-08-08,0.008031495357671226
2024-08-09,0.005792621739772796
2024-08-12,0.009781462549253606
2024-08-13,-0.0002461961181129402
2024-08-14,-0.010495719783356283
2024-08-15,0.006163433898872306
2024-08-16,0.006695881370363921
2024-08-19,0.0018353425441584026
2024-08-20,-0.002062421070374687
2024-08-21,-0.0024365864159174855
2024-08-22,-0.008610181521176319
2024-08-23,0.00884728882436403
2024-08-27,0.0008960410465332913
2024-08-28,0.001157594659208394
2024-08-29,0.008822962686171776
2024-08-30,-0.0012331593186918344
2024-09-02,-0.004727010087309802
2024-09-03,-0.006099529854264096
2024-09-04,0.0009816863645513152
2024-09-05,0.0018215562510948136
2024-09-06,0.004104311607066036
2024-09-09,-0.0025408859756511637
2024-09-10,0.00781269817202035
2024-09-11,0.00011640898346354511
2024-09-12,0.010586849837283863
2024-09-13,0.010711808050679394
2024-09-16,-0.004707950809371808
2024-09-17,-0.002237208605511576
2024-09-18,0.0016428017686489493
2024-09-19,0.000966611095490455
2024-09-20,0.010186839541707515
2024-09-23,0.012671217632507226
2024-09-24,-0.00028634744351119235
2024-09-25,0.008384712206368494
2024-09-26,0.0007043473229331187
2024-09-27,-0.005360775750462787
2024-09-30,-0.004421853283968269
2024-10-01,0.01822058179570729
2024-10-02,-0.003608306114016191
2024-10-03,0.0024456419755432
2024-10-04,0.009128811004194715
2024-10-07,-0.004736204518413056
2024-10-08,-0.014885377413446865
2024-10-09,0.004756335702275072
2024-10-10,0.005269624827433539
2024-10-11,0.012984536319263329
2024-10-14,-0.0017767425764650957
2024-10-15,0.0053134000495806966
2024-10-16,0.0068957437449284065
2024-10-17,0.009351152305614452
2024-10-18,0.005675199019914201
2024-10-21,0.006455885626009961
2024-10-22,0.008782697638256343
2024-10-23,-0.008123962573146848
2024-10-24,0.0024865069141946083
2024-10-25,0.006223707111275845
2024-10-28,-0.0017581888189048822
2024-10-29,0.0083875589766369
2024-10-30,0.0022304337619021286
2024-10-31,-0.017074074677203677
2024-11-01,0.005392177873143389
2024-11-04,-0.006210215141411957
2024-11-05,-0.00407325586387941
2024-11-06,-0.00676895878390682
2024-11-07,0.0015229990219740586
2024-11-08,0.0058873837159139075
2024-11-11,-0.020757824875504927
2024-11-12,-0.002388456433368935
2024-11-13,0.005065613678004954
2024-11-14,-0.005542954973273284
2024-11-15,-0.003859361947433415
2024-11-18,0.011716487806134879
2024-11-19,0.004870033512978766
2024-11-20,0.014491325683498646
2024-11-21,0.01350046353117107
2024-11-22,0.017536909666508338
2024-11-25,-0.03236534864919338
2024-11-26,-0.00091395645636827
2024-11-27,-0.002706318011546305
2024-11-28,0.001277157253714467
2024-11-29,0.004531884141521614
2024-12-02,0.00032299193674423243
2024-12-03,-0.0004869522650746694
2024-12-04,0.003693605513990006
2024-12-05,-0.012668156525642127
2024-12-06,0.0017019484038331978
2024-12-09,0.012840570507866689
2024-12-10,0.009241509949215576
2024-12-11,0.013168322341466698
2024-12-12,-0.010484361490681993
2024-12-13,-0.00995060034806583
2024-12-16,-0.004051545810775381
2024-12-17,-0.003218768428569274
2024-12-18,0.013257769184643609
2024-12-19,-0.017773068959968885
2024-12-20,0.005512494134408907
2024-12-23,-0.0018133082401364797
2024-12-24,0.0016299065837064308
2024-12-27,-0.00010095273428978313
2024-12-30,-0.006325026190685978
2024-12-31,0.00912661975815654
2025-01-02,0.027707375775471554
2025-01-03,-0.010521182608228208
2025-01-06,-0.00854828307680322
2025-01-07,0.009899522911673175
2025-01-08,0.007213365860471388
2025-01-09,0.0029793791328904806
2025-01-10,0.013737354850441363
2025-01-13,-0.007279382132282963
2025-01-14,-0.004258474111453747
2025-01-15,0.006035815617184026
2025-01-16,0.011084672440383025
2025-01-17,0.0015633393076512903
2025-01-20,-0.01661444560523906
2025-01-21,0.010365937867039987
2025-01-22,0.00756129079768697
2025-01-23,-0.0027878705526612757
2025-01-24,0.0004844855754284616
2025-01-27,-0.012266482153893477
2025-01-28,0.011988201737785031
2025-01-29,-0.0003393983672000944
2025-01-30,0.016520712129195925
2025-01-31,0.00675243638990497
2025-02-03,0.007496054138449448
2025-02-04,0.004230218371153782
2025-02-05,0.006494000984470949
2025-02-06,-0.003995663555897977
2025-02-07,0.011724932680707623
2025-02-10,0.01437158267212002
2025-02-11,-0.0043723661282144555
2025-02-12,-0.0063168465688986375
2025-02-13,-0.0006660234213435867
2025-02-14,-0.008136443218046518
2025-02-17,0.0016733772948034353
2025-02-18,0.011278563974274292
2025-02-19,0.0018355525439179843
2025-02-20,-0.0019057778038482631
2025-02-21,0.00023326247983157522
2025-02-24,0.0005435856823519103
2025-02-25,-0.01624414292802212
2025-02-26,0.006035480002256621
2025-02-27,-0.002888504143798931
2025-02-28,-0.00637149197098541
2025-03-03,-5.099123570240227e-05
2025-03-04,-0.009290040954897272
2025-03-05,-0.008367585054589788
2025-03-06,-0.0013253247159518144
2025-03-07,-0.003307226624298276
2025-03-10,-0.0032584788581401236
2025-03-11,-0.002789806682762963
2025-03-12,0.007963374890852304
2025-03-13,0.01568552175425464
2025-03-14,-0.002177271427146077
2025-03-17,0.0006463987749456557
2025-03-18,0.007477835846557923
2025-03-19,0.0034768046404818342
2025-03-20,0.004662027547842396
2025-03-21,-0.0032926097208935134
2025-03-24,0.0013982769183120691
2025-03-25,0.0031500988719947998
2025-03-26,0.003326355602036646
2025-03-27,0.0033360536528754814
2025-03-28,0.0031285423013935887
2025-03-31,0.013429014933625139
2025-04-01,0.0017081949431527743
2025-04-02,-0.002729329273385761
2025-04-03,-0.028419946278195773
2025-04-04,-0.019103433387536173
2025-04-07,-0.008724491950920843
2025-04-08,0.0015213337864430354
2025-04-09,0.014846013105387579
2025-04-10,0.00509347503388069
2025-04-11,0.005049737474132288
2025-04-14,-0.006566418478027747
2025-04-15,0.008248318004102861
2025-04-16,0.012949075472870941
2025-04-17,0.00012444002857114889
2025-04-22,0.02200403650198335
2025-04-23,-0.0237099223127345
2025-04-24,0.00531615603919855
2025-04-25,-0.009601290371149096
2025-04-28,0.007552636138032254
2025-04-29,-0.002805394143577389
2025-04-30,0.0003141727016244822
2025-05-01,-0.015762298516223572
2025-05-02,0.00904874814643919
2025-05-06,0.030013917327980977
2025-05-07,-0.0011279976190071705
2025-05-08,-0.002223503943302396
2025-05-09,-0.0009282469273192984
2025-05-12,-0.007015581906792745
2025-05-13,-0.0032309309512590367
2025-05-14,-0.011885801339663549
2025-05-15,0.002516242599608587
2025-05-16,-0.0079914091488279
2025-05-19,0.008556055380107175
2025-05-20,0.006920887997935665
2025-05-21,0.0063902110318596606
2025-05-22,-0.00013190155855968833
2025-05-23,0.007678959840417221
2025-05-27,-0.013198518011123928
2025-05-28,0.002773993371849137
2025-05-29,-0.0022745500386252004
2025-05-30,-0.0057254870767358135
2025-06-02,0.015320095676101264
2025-06-03,-0.0009172207242963415
2025-06-04,0.0012121329909222656
2025-06-05,-0.003176504170922745
2025-06-06,-0.0019469434589269863
2025-06-09,-0.0010317120787783907
2025-06-10,-0.0016794350861618623
2025-06-11,-0.0012157244785007126
2025-06-12,0.003543123628401146
2025-06-13,0.01050376001875275
2025-06-16,-0.004646934280424619
2025-06-17,0.00035837586886167117
2025-06-18,-3.594500408587997e-05
2025-06-19,-0.0035531255913772153
2025-06-20,-0.001383837137763022
2025-06-23,-0.0004193493112357727
2025-06-24,-0.01785838461754874
2025-06-25,-0.0003235218242286786
2025-06-26,-0.0026192704358115604
2025-06-27,-0.010853617205258792
2025-06-30,-0.0009866515109776541
2025-07-01,0.009770875620161545
2025-07-02,0.0009880083517830318
2025-07-03,0.0001310389429509673
2025-07-04,-0.000353217310366416
2025-07-07,0.0016127223197310858
2025-07-08,-0.004713864473084639
2025-07-09,0.0015549071978242512
2025-07-10,0.0020527059062684927
2025-07-11,0.009527263072081293
2025-07-14,-0.0016662551828691141
2025-07-15,0.0007383924660633312
2025-07-16,0.0041800325716261355
2025-07-17,-0.0037611591836612668
2025-07-18,0.002166139168468195
2025-07-21,0.003351757686813839
2025-07-22,0.001081421455901621
2025-07-23,-0.0020425377675992173
2025-07-24,-0.00553653998551773
2025-07-25,-0.006858852855968767
2025-07-28,0.0034284505703781054
2025-07-29,0.0023727867323966034
2025-07-30,0.001014859519879563
2025-07-31,-0.0012306492464382313
2025-08-01,0.0008114242206105349
2025-08-04,0.004078631836485602
2025-08-05,0.0009411782598338636
2025-08-06,-0.0033196579325058817
2025-08-07,0.0009874514209033958
2025-08-08,0.003230275548159911
2025-08-11,-0.005780929442922966
2025-08-12,-0.0003496571599349574
2025-08-13,-0.0019135883129199893
2025-08-14,0.00021095798489279005
2025-08-15,-0.0003600922463633527
2025-08-18,0.0008240620370314478
2025-08-19,-0.0017551223584352238
2025-08-20,0.0021918988420517316
2025-08-21,0.0026206696975783483
2025-08-22,-4.81901022342246e-06
2025-08-26,0.004049301149024798
2025-08-27,0.0010460586033080865
2025-08-28,6.216661199487383e-05
2025-08-29,0.006112216407981652
2025-09-01,0.0036157794208708793
2025-09-02,0.007919473190906468
2025-09-03,0.004705690622744285
2025-09-04,-0.00282103799235478
2025-09-05,0.0014665767024515386
2025-09-08,0.0021446297550289373
2025-09-09,0.0021184935037732444
2025-09-10,0.0004451979459043631
2025-09-11,-0.0024277599494501034
2025-09-12,0.0014822381547565655
2025-09-15,0.001069260000439165
2025-09-16,-0.0005987295979527074
2025-09-17,0.0007318210568119099
2025-09-18,-0.0025298170541284692
2025-09-19,0.004234375825583836
2025-09-22,0.004751324450638084
2025-09-23,0.004931649763043389
2025-09-24,-0.0009962947384617449
2025-09-25,0.0005111468850260703
2025-09-26,0.0036243402197644325
2025-09-29,0.003355297394167067
2025-09-30,0.0003903056241632008
2025-10-01,0.0026453377391935096
2025-10-02,-0.0024940873233157967
2025-10-03,0.0046527649441583385
2025-10-06,0.008053166542955736
2025-10-07,0.0045708280570493365
2025-10-08,0.0065169097923496455
2025-10-09,-0.0007171090791039392
2025-10-10,-0.0038028200592776784
2025-10-13,0.009725279671532583
2025-10-14,0.0024381854811232895
2025-10-15,0.00444348664798655
2025-10-16,0.006572986786827606
2025-10-17,-0.00235769773397132
2025-10-20,0.00964331978829125
2025-10-21,-0.020913836019200716
2025-10-22,-0.009394577522362946
2025-10-23,0.012223892977977213
2025-10-24,-0.00220509661879309
2025-10-27,-0.014415857490248984
2025-10-28,-0.003634693698270408
2025-10-29,0.0052714192834171225
2025-10-30,0.0027426849919427454
2025-10-31,0.0007477406246709783
2025-11-03,0.0026866474449798172
2025-11-04,-0.0028995481202780393
2025-11-05,0.0025024606413397432
2025-11-06,-0.002562884562476331
2025-11-07,0.002333879312009124
2025-11-10,0.009445565040388404
2025-11-11,0.0004942001015841857
2025-11-12,0.006252637168003616
2025-11-13,0.0022507171087851052
2025-11-14,-0.013273423190057532
2025-11-17,-0.004048268947314804
2025-11-18,0.0004851888780399438
2025-11-19,0.0025646302327828607
2025-11-20,-0.001660480961759525
2025-11-21,0.0005922611797619659
2025-11-24,0.0019735161119580624
2025-11-25,0.0034539719660324764
2025-11-26,0.00309651061750027
2025-11-27,-0.0016919501475692877
2025-11-28,0.009817147393322845
2025-12-01,0.006024484005650033
2025-12-02,-0.009786718847372367
2025-12-03,0.005404830175678388
2025-12-04,0.0016122659943191842
2025-12-05,0.0013882667945182003
2025-12-08,-0.0034509137811665758
2025-12-09,0.0034154309861695875
2025-12-10,-0.007345678910046227
2025-12-11,0.009000423359246223
2025-12-12,0.008802470749024849
2025-12-15,-0.0008202653573958774
2025-12-16,0.0022742030909561617
2025-12-17,0.0035124887923410064
2025-12-18,0.007742837726040008
2025-12-19,-0.0022329683735633488
2025-12-22,0.015262625096277072
2025-12-23,0.002612866117782664
2025-12-24,0.006434401587353644
2025-12-29,-0.0291790826500109
2025-12-30,0.008074998032188807
2025-12-31,-0.012080615189712152
2026-01-02,0.0060176880436197955
2026-01-05,0.023275168312756334
2026-01-06,0.01065101020865522
2026-01-07,-0.0067222143302917425
2026-01-08,0.0009266550693181053
2026-01-09,0.014264916155287244
2026-01-12,0.02156152659726951
2026-01-13,2.9031519934719086e-05
2026-01-14,0.0041167896361271605
2026-01-15,-0.0016421353512763304
2026-01-16,-0.00246445914873461
2026-01-19,0.013612928241531597
2026-01-20,0.007973553464318384
2026-01-21,0.02097293929920796
2026-01-22,0.001033196663245084
2026-01-23,0.015336422709577802
2026-01-26,0.011685366991388335
2026-01-27,-0.005644470624250997
2026-01-28,0.041053511826032896
2026-01-29,0.0012599169762350648
2026-01-30,-0.039552793807572595
2026-02-02,-0.06037974694109971
2026-02-03,0.049923208912611594
2026-02-04,-0.005961780387199189
2026-02-05,-0.012992155052870658
2026-02-06,0.013241140234777182
2026-02-09,0.014338587055435115
2026-02-10,-0.009730495719164733
2026-02-11,0.01055183552535599
2026-02-12,-0.026305261528667967
2026-02-13,0.015330456324100572
2026-02-16,-0.004651205523047652
2026-02-17,-0.01821749537421047
2026-02-18,0.026545112629939416
2026-02-19,0.0036432722987795874
2026-02-20,0.009445998024931956
2026-02-23,0.02444675804230645
2026-02-24,-0.010372676893427468
2026-02-25,0.006198473431807683
2026-02-26,-0.0015369412864494336
2026-02-27,0.00696676268576768
2026-03-02,0.02580961164464246
2026-03-03,-0.018640007631986033
2026-03-04,0.001785659499970782
2026-03-05,-0.005307347214518754
2026-03-06,0.017990876245163046
2026-03-09,-0.0026264123009233087
2026-03-10,0.015893309965207658
2026-03-11,-0.0006655584297990957
2026-03-12,0.006697849776658993
2026-03-13,-0.008293804357790258
2026-03-16,-0.01564948130120747
2026-03-17,0.00013007184152091789
2026-03-18,-0.007966216298607498
2026-03-19,-0.05067294298913583
2026-03-20,0.0010911134734870043
2026-03-23,-0.042062174695513876
2026-03-24,0.011276865740554198
2026-03-25,0.020687742325550484
2026-03-26,-0.013082498398919173
2026-03-27,0.022993893198441473
2026-03-30,0.003861148769266576
2026-03-31,0.0027495961856887075
2026-04-01,0.013796052091819222
2026-04-02,0.003689945816744311
2026-04-07,0.001986329948850729
2026-04-08,-0.018992681498218533
2026-04-09,0.015180991433897839
2026-04-10,-0.010187297255527805
2026-04-13,-3.6439667337240245e-05
2026-04-14,0.0007478114645802503
2026-04-15,0.002342015396360919
2026-04-16,0.00514246255420292
2026-04-17,-0.005530001523776584
2026-04-20,0.0014330452854676157
2026-04-21,-0.0009891498501614082
2026-04-22,0.0028859226356590106
2026-04-23,0.004387211303668481
2026-04-24,0.0023448035579458626
2026-04-27,-0.005751916855380124
2026-04-28,-0.007457817724997651
2026-04-29,0.00763800382537716
2026-04-30,0.0072141132596044155
2026-05-01,0.0013089752465833548
2026-05-05,0.003260527589309392
2026-05-06,-0.007485197499101259
2026-05-07,0.0016154102205550025
2026-05-08,-0.0017789295175745234
2026-05-11,0.009878406500729131
2026-05-12,0.004848086320915268
2026-05-13,0.008440277105922211
2026-05-14,-0.003571975033862529
2026-05-15,-0.012690581517045718
2026-05-18,0.0006823332268699467
2026-05-19,0.002756254391664159
2026-05-20,-0.004718580759717761
2026-05-21,-0.0004384903930214623
2026-05-22,-0.0038414667608717146
2026-05-26,-0.009329556439034992
2026-05-27,-0.012894238935908797
2026-05-28,0.002904945791045499
2026-05-29,0.005425404156805591
2026-06-01,-0.0005401606871380249
2026-06-02,0.0032626544065570418
2026-06-03,0.0013922975663684944
2026-06-04,-0.00497167546872701
2026-06-05,-0.010211571531339891
2026-06-08,-0.002097033389261038
2026-06-09,-0.012231477630042287
2026-06-10,-0.009946739767931811
2026-06-11,-0.005091987710701962
2026-06-12,0.001899605568073559
2026-06-15,0.0008036442386789577
2026-06-16,-0.006572079029637856
2026-06-17,0.00701886140726371
2026-06-18,-0.015853632163293496
2026-06-19,-0.0006094461856093192
2026-06-22,0.002123641592903791
2026-06-23,-0.007899244489681712
2026-06-24,-0.017214380751073288
2026-06-25,0.0034658886678144984
2026-06-26,-4.91919968812482e-05
2026-06-29,-0.0075418537977153255
2026-06-30,0.00792468793372847
