date,close
2010-10-22,112.453125
2010-10-25,112.578125
2010-10-26,111.828125
2010-10-27,111.125
2010-10-28,111.609375
2010-10-29,112.078125
2010-11-01,111.9375
2010-11-02,112.25
2010-11-03,112.046875
2010-11-04,113.3125
2010-11-05,112.859375
2010-11-08,112.625
2010-11-09,112.5
2010-11-10,111.109375
2010-11-11,110.8125
2010-11-12,110.171875
2010-11-15,108.703125
2010-11-16,109.265625
2010-11-17,109.140625
2010-11-18,108.75
2010-11-19,109.078125
2010-11-22,109.65625
2010-11-23,110.09375
2010-11-24,108.75
2010-11-26,109.21875
2010-11-29,109.59375
2010-11-30,109.84375
2010-12-01,108.328125
2010-12-02,107.96875
2010-12-03,107.859375
2010-12-06,108.53125
2010-12-07,106.5
2010-12-08,105.875
2010-12-09,106.03125
2010-12-10,105.421875
2010-12-13,105.53125
2010-12-14,104.03125
2010-12-15,103.453125
2010-12-16,103.875
2010-12-17,105.15625
2010-12-20,105.0
2010-12-21,105.234375
2010-12-22,105.0625
2010-12-23,104.734375
2010-12-27,105.09375
2010-12-28,103.96875
2010-12-29,105.1875
2010-12-30,104.984375
2010-12-31,105.5
2011-01-03,105.21875
2011-01-04,105.203125
2011-01-05,104.0
2011-01-06,104.578125
2011-01-07,105.4375
2011-01-10,105.609375
2011-01-11,105.296875
2011-01-12,105.234375
2011-01-13,105.671875
2011-01-14,105.484375
2011-01-18,105.171875
2011-01-19,105.421875
2011-01-20,104.375
2011-01-21,104.78125
2011-01-24,104.859375
2011-01-25,105.59375
2011-01-26,104.703125
2011-01-27,105.078125
2011-01-28,105.59375
2011-01-31,105.171875
2011-02-01,104.640625
2011-02-02,104.21875
2011-02-03,103.796875
2011-02-04,102.90625
2011-02-07,102.9375
2011-02-08,102.3125
2011-02-09,102.34375
2011-03-01,104.203125
2011-03-02,103.8125
2011-03-03,102.875
2011-03-04,103.609375
2011-03-07,103.546875
2011-03-08,103.171875
2011-03-09,103.8125
2011-03-10,104.484375
2011-03-11,104.53125
2011-03-14,104.921875
2011-03-15,105.203125
2011-03-16,106.171875
2011-03-17,105.84375
2011-03-18,105.609375
2011-03-21,105.25
2011-03-22,105.15625
2011-03-23,105.03125
2011-03-24,104.5625
2011-03-25,104.21875
2011-03-28,104.1875
2011-03-29,103.84375
2011-03-30,104.1875
2011-03-31,104.21875
2011-04-01,104.234375
2011-04-04,104.4375
2011-04-05,103.921875
2011-04-06,103.46875
2011-04-07,103.390625
2011-04-08,103.28125
2011-04-11,103.296875
2011-04-12,103.921875
2011-04-13,104.234375
2011-04-14,104.03125
2011-04-15,104.703125
2011-04-18,105.09375
2011-04-19,105.21875
2011-04-20,104.859375
2011-04-21,104.890625
2011-04-25,105.21875
2011-04-26,105.609375
2011-04-27,105.21875
2011-04-28,105.671875
2011-04-29,105.890625
2011-05-02,105.953125
2011-05-03,106.21875
2011-05-04,106.515625
2011-05-05,107.03125
2011-05-06,107.171875
2011-05-09,107.296875
2011-05-10,106.875
2011-05-11,106.03125
2011-05-12,105.671875
2011-05-13,106.09375
2011-05-16,106.46875
2011-05-17,106.734375
2011-05-18,106.3125
2011-05-19,106.25
2011-05-20,106.46875
2011-05-23,106.6875
2011-05-24,106.75
2011-05-25,106.71875
2011-05-26,107.359375
2011-05-27,107.375
2011-05-31,107.484375
2011-06-01,108.265625
2011-06-02,107.71875
2011-06-03,108.015625
2011-06-06,107.953125
2011-06-07,107.90625
2011-06-08,108.390625
2011-06-09,108.0625
2011-06-10,108.359375
2011-06-13,108.15625
2011-06-14,107.203125
2011-06-15,108.328125
2011-06-16,108.921875
2011-06-17,108.640625
2011-06-20,108.5
2011-06-21,108.265625
2011-06-22,108.265625
2011-06-23,109.015625
2011-06-24,109.40625
2011-06-27,108.890625
2011-06-28,107.8125
2011-06-29,107.21875
2011-06-30,106.828125
2011-07-01,106.453125
2011-07-05,107.078125
2011-07-06,107.390625
2011-07-07,106.9375
2011-07-08,108.15625
2011-07-11,109.078125
2011-07-12,109.15625
2011-07-13,109.328125
2011-07-14,108.875
2011-07-15,109.234375
2011-07-18,109.203125
2011-07-19,109.390625
2011-07-20,109.03125
2011-07-21,108.34375
2011-07-22,108.75
2011-07-25,108.4375
2011-07-26,108.875
2011-07-27,108.625
2011-07-28,108.875
2011-07-29,110.265625
2011-08-01,110.84375
2011-08-02,111.96875
2011-08-03,112.1875
2011-08-04,113.5
2011-08-05,112.578125
2011-08-08,114.6875
2011-08-09,116.1875
2011-08-10,116.53125
2011-09-01,116.125
2011-09-02,117.59375
2011-09-06,117.875
2011-09-07,117.328125
2011-09-08,117.75
2011-09-09,118.515625
2011-09-12,118.390625
2011-09-13,117.796875
2011-09-14,117.609375
2011-09-15,116.875
2011-09-16,116.96875
2011-09-19,118.296875
2011-09-20,118.296875
2011-09-21,118.484375
2011-09-22,120.625
2011-09-23,119.734375
2011-09-26,118.78125
2011-09-27,117.671875
2011-09-28,117.734375
2011-09-29,118.1875
2011-09-30,118.5625
2011-10-03,119.953125
2011-10-04,120.046875
2011-10-05,118.8125
2011-10-06,118.0
2011-10-07,117.140625
2011-10-10,116.40625
2011-10-11,116.3125
2011-10-12,115.578125
2011-10-13,116.140625
2011-10-14,115.640625
2011-10-17,116.328125
2011-10-18,116.40625
2011-10-19,116.375
2011-10-20,116.171875
2011-10-21,115.984375
2011-10-24,115.671875
2011-10-25,116.671875
2011-10-26,115.9375
2011-10-27,114.140625
2011-10-28,114.984375
2011-10-31,116.234375
2011-11-01,118.0
2011-11-02,117.984375
2011-11-03,117.390625
2011-11-04,117.515625
2011-11-07,118.046875
2011-11-08,117.421875
2011-11-09,118.3515625
2011-12-01,116.5
2011-12-02,117.109375
2011-12-05,117.109375
2011-12-06,116.734375
2011-12-07,117.359375
2011-12-08,117.828125
2011-12-09,117.15625
2011-12-12,117.546875
2011-12-13,118.046875
2011-12-14,118.671875
2011-12-15,118.59375
2011-12-16,119.109375
2011-12-19,119.59375
2011-12-20,118.546875
2011-12-21,118.109375
2011-12-22,118.234375
2011-12-23,117.484375
2011-12-27,117.484375
2011-12-28,118.625
2011-12-29,118.734375
2011-12-30,118.984375
2012-01-03,118.25
2012-01-04,117.9375
2012-01-05,117.9375
2012-01-06,118.234375
2012-01-09,118.234375
2012-01-10,118.140625
2012-01-11,118.828125
2012-01-12,118.578125
2012-01-13,119.359375
2012-01-17,119.40625
2012-01-18,118.96875
2012-01-19,118.234375
2012-01-20,117.671875
2012-01-23,117.28125
2012-01-24,117.3125
2012-01-25,117.859375
2012-01-26,118.59375
2012-01-27,119.0
2012-01-30,119.546875
2012-01-31,120.0
2012-02-01,119.59375
2012-02-02,119.75
2012-02-03,118.578125
2012-02-06,119.015625
2012-02-07,118.390625
2012-02-08,118.1875
2012-02-09,117.0
2012-02-10,117.796875
2012-02-13,117.65625
2012-02-14,118.25
2012-02-15,118.265625
2012-02-16,117.625
2012-02-17,117.5
2012-02-21,117.109375
2012-02-22,117.484375
2012-02-23,117.703125
2012-02-24,117.78125
2012-02-27,118.359375
2012-02-28,118.328125
2012-02-29,117.921875
2012-03-01,117.265625
2012-03-02,117.765625
2012-03-05,117.609375
2012-03-06,118.171875
2012-03-07,118.0
2012-03-08,117.578125
2012-03-09,117.34375
2012-03-12,117.34375
2012-03-13,116.65625
2012-03-14,115.078125
2012-03-15,114.953125
2012-03-16,114.875
2012-03-19,114.09375
2012-03-20,114.078125
2012-03-21,114.8125
2012-03-22,115.046875
2012-03-23,115.390625
2012-03-26,115.390625
2012-03-27,115.859375
2012-03-28,115.859375
2012-03-29,116.203125
2012-03-30,115.671875
2012-04-02,115.875
2012-04-03,115.09375
2012-04-04,115.421875
2012-04-05,116.09375
2012-04-09,117.65625
2012-04-10,117.875
2012-04-11,117.5625
2012-04-12,117.40625
2012-04-13,117.40625
2012-04-16,117.40625
2012-04-17,117.40625
2012-04-18,117.40625
2012-04-19,117.984375
2012-04-20,117.984375
2012-04-23,117.984375
2012-04-24,117.984375
2012-04-25,117.953125
2012-04-26,117.953125
2012-04-27,117.953125
2012-04-30,117.953125
2012-05-01,117.984375
2012-05-02,117.984375
2012-05-03,117.984375
2012-05-04,117.984375
2012-05-07,117.984375
2012-05-08,117.984375
2012-05-09,119.9375
2016-01-11,136.65625
2016-01-12,137.328125
2016-01-13,137.765625
2016-01-14,137.40625
2016-01-15,138.21875
2016-01-19,138.171875
2016-01-20,138.8125
2016-01-21,138.421875
2016-01-22,138.09375
2016-01-25,138.421875
2016-01-26,138.78125
2016-01-27,138.75
2016-01-28,138.953125
2016-01-29,139.59375
2016-02-01,139.203125
2016-02-02,140.484375
2016-02-03,140.296875
2016-02-04,140.515625
2016-02-05,140.734375
2016-02-08,142.15625
2016-02-09,142.203125
2016-02-10,142.5
2016-02-11,143.265625
2016-02-12,141.9375
2016-02-16,141.609375
2016-02-17,141.046875
2016-02-18,141.75
2016-02-19,141.875
2016-02-22,141.2100067138672
2016-02-23,141.90625
2016-02-24,141.984375
2016-02-25,142.515625
2016-02-26,141.6875
2016-02-29,141.984375
2016-03-01,140.796875
2016-03-02,140.53125
2016-03-03,140.78125
2016-03-04,140.15625
2016-03-07,139.953125
2016-03-08,140.78125
2016-03-09,140.09375
2016-03-10,139.65625
2016-03-11,139.1875
2016-03-14,139.359375
2016-03-15,139.40625
2016-03-16,139.671875
2016-03-17,140.125
2016-03-18,140.578125
2016-03-21,140.0625
2016-03-22,138.75
2016-03-23,139.5
2016-03-24,139.34375
2016-03-28,139.65625
2016-03-29,140.375
2016-03-30,140.203125
2016-03-31,140.75
2016-04-01,140.6875
2016-04-04,140.84375
2016-04-05,141.453125
2016-04-06,141.15625
2016-04-07,141.96875
2016-04-08,141.640625
2016-04-11,141.609375
2016-04-12,140.9375
2016-04-13,141.1875
2016-04-14,140.953125
2016-04-15,141.3125
2016-04-18,141.078125
2016-04-19,140.953125
2016-04-20,140.09375
2016-04-21,139.890625
2016-04-22,139.71875
2016-04-25,139.546875
2016-04-26,139.203125
2016-04-27,140.09375
2016-04-28,140.328125
2016-04-29,140.5625
2016-05-02,140.0
2016-05-03,140.828125
2016-05-04,141.03125
2016-05-05,141.453125
2016-05-06,141.109375
2016-05-09,141.390625
2016-05-10,141.375
2016-05-11,141.640625
2016-05-12,141.25
2016-05-13,141.90625
2016-05-16,141.3125
2016-05-17,141.21875
2016-05-18,139.71875
2016-05-19,140.125
2016-05-20,140.109375
2016-05-23,140.265625
2016-05-24,140.015625
2016-05-25,139.90625
2016-05-26,140.53125
2016-05-27,140.453125
2016-05-31,140.515625
2016-06-01,140.3125
2016-06-02,140.75
2016-06-03,142.09375
2016-06-06,141.921875
2016-06-07,142.03125
2016-06-08,142.125
2016-06-09,142.453125
2016-06-10,142.984375
2016-06-13,143.25
2016-06-14,143.3125
2016-06-15,143.46875
2016-06-16,143.796875
2016-06-17,143.125
2016-06-20,142.546875
2016-06-21,142.359375
2016-06-22,143.078125
2016-06-23,142.421875
2016-06-24,144.53125
2016-06-27,146.046875
2016-06-28,146.015625
2016-06-29,145.828125
2016-06-30,145.671875
2016-07-01,145.96875
2016-07-05,147.296875
2016-07-06,147.046875
2016-07-07,147.015625
2016-07-08,147.296875
2016-07-11,146.4375
2016-07-12,145.40625
2016-07-13,145.96875
2016-07-14,145.171875
2016-07-15,144.390625
2016-07-18,144.5
2016-07-19,144.859375
2016-07-20,144.578125
2016-07-21,144.8125
2016-07-22,144.75
2016-07-25,144.6875
2016-07-26,144.796875
2016-07-27,145.4375
2016-07-28,145.46875
2016-07-29,146.203125
2016-08-01,145.734375
2016-08-02,145.21875
2016-08-03,145.15625
2016-08-04,145.71875
2016-08-05,144.703125
2016-08-08,144.640625
2016-08-09,145.15625
2016-08-10,145.65625
2016-08-11,144.734375
2016-08-12,145.40625
2016-08-15,144.90625
2016-08-16,144.609375
2016-08-17,144.8125
2016-08-18,145.125
2016-08-19,144.609375
2016-08-22,145.125
2016-08-23,144.984375
2016-08-24,144.953125
2016-08-25,144.75
2016-08-26,143.96875
2016-08-29,144.828125
2016-08-30,144.796875
2016-08-31,144.8125
2016-09-01,144.765625
2016-09-02,144.46875
2016-09-06,145.140625
2016-09-07,145.171875
2016-09-08,144.265625
2016-09-09,143.609375
2016-09-12,143.703125
2016-09-13,142.9375
2016-09-14,143.5625
2016-09-15,143.375
2016-09-16,143.421875
2016-09-19,143.453125
2016-09-20,143.5625
2016-09-21,143.53125
2016-09-22,143.765625
2016-09-23,143.984375
2016-09-26,144.359375
2016-09-27,144.8125
2016-09-28,144.65625
2016-09-29,144.84375
2016-09-30,144.15625
2016-10-03,143.96875
2016-10-04,143.1875
2016-10-05,142.796875
2016-10-06,142.453125
2016-10-07,142.578125
2016-10-11,142.28125
2016-10-12,142.078125
2016-10-13,142.625
2016-10-14,141.921875
2016-10-17,142.265625
2016-10-18,142.5
2016-10-19,142.453125
2016-10-20,142.546875
2016-10-21,142.65625
2016-10-24,142.375
2016-10-25,142.421875
2016-10-26,142.046875
2016-10-27,141.375
2016-10-28,141.375
2016-10-31,141.515625
2016-11-01,141.671875
2016-11-02,141.984375
2016-11-03,141.84375
2016-11-04,142.21875
2016-11-07,141.6875
2016-11-08,141.234375
2016-11-09,138.671875
2016-11-10,137.953125
2016-11-14,136.671875
2016-11-15,136.40625
2016-11-16,136.53125
2016-11-17,135.890625
2016-11-18,135.171875
2016-11-21,135.1875
2016-11-22,135.4375
2016-11-23,135.046875
2016-11-25,134.890625
2016-11-28,135.5625
2016-11-29,135.8125
2016-11-30,134.984375
2016-12-01,134.140625
2016-12-02,134.796875
2016-12-05,134.828125
2016-12-06,134.75
2016-12-07,135.296875
2016-12-08,134.8125
2016-12-09,134.03125
2016-12-12,133.90625
2016-12-13,133.90625
2016-12-14,133.328125
2016-12-15,132.796875
2016-12-16,132.5
2016-12-19,133.140625
2016-12-20,133.015625
2016-12-22,132.546875
2016-12-23,132.703125
2016-12-27,132.46875
2016-12-28,133.125
2016-12-29,133.484375
2016-12-30,134.0625
2017-01-03,133.84375
2017-01-04,133.875
2017-01-05,134.859375
2017-01-06,134.328125
2017-01-09,134.859375
2017-01-10,134.8125
2017-01-11,134.953125
2017-01-12,135.046875
2017-01-13,134.859375
2017-01-17,135.515625
2017-01-18,134.75
2017-01-19,133.921875
2017-01-20,133.890625
2017-01-23,134.671875
2017-01-24,133.828125
2017-01-25,133.203125
2017-01-26,133.390625
2017-01-27,133.734375
2017-01-30,133.78125
2017-01-31,134.15625
2017-02-01,133.875
2017-02-02,133.921875
2017-02-03,133.734375
2017-02-06,134.671875
2017-02-07,134.984375
2017-02-08,135.4375
2017-02-09,134.734375
2017-02-10,134.5625
2017-02-13,134.234375
2017-02-14,133.796875
2017-02-15,133.421875
2017-02-16,134.0625
2017-02-17,134.390625
2017-02-21,134.390625
2017-02-22,134.515625
2017-02-23,134.890625
2017-02-24,135.75
2017-02-27,135.1875
2017-02-28,135.3125
2017-03-01,134.03125
2017-03-02,133.734375
2017-03-03,133.765625
2017-03-06,133.765625
2017-03-07,133.609375
2017-03-08,133.1875
2017-03-09,132.640625
2017-03-10,132.875
2017-03-13,132.578125
2017-03-14,132.75
2017-03-15,133.8125
2017-03-16,133.65625
2017-03-17,133.96875
2017-03-20,134.328125
2017-03-21,134.78125
2017-03-22,135.1875
2017-03-23,133.59375
2017-03-24,133.828125
2017-03-27,134.109375
2017-03-28,133.6875
2017-03-29,133.953125
2017-03-30,133.59375
2017-03-31,133.890625
2017-04-03,134.46875
2017-04-04,134.453125
2017-04-05,134.375
2017-04-06,134.53125
2017-04-07,134.1875
2017-04-10,134.34375
2017-04-11,135.078125
2017-04-12,135.140625
2017-04-13,135.96875
2017-04-17,135.71875
2017-04-18,136.59375
2017-04-19,136.28125
2017-04-20,135.828125
2017-04-21,135.90625
2017-04-24,135.46875
2017-04-25,134.859375
2017-04-26,135.09375
2017-04-27,135.28125
2017-04-28,135.453125
2017-05-01,134.96875
2017-05-02,135.3125
2017-05-03,135.171875
2017-05-04,134.640625
2017-05-05,134.703125
2017-05-08,134.4375
2017-05-09,134.078125
2017-05-10,133.984375
2017-05-11,134.09375
2017-05-12,134.859375
2017-05-15,134.796875
2017-05-16,134.921875
2017-05-17,136.25
2017-05-18,136.09375
2017-05-19,135.984375
2017-05-22,135.875
2017-05-23,135.515625
2017-05-24,135.71875
2017-05-25,135.875
2017-05-26,135.984375
2017-05-30,136.375
2017-05-31,136.625
2017-06-01,136.390625
2017-06-02,137.0625
2017-06-05,136.84375
2017-06-06,137.265625
2017-06-07,136.90625
2017-06-08,136.734375
2017-06-09,136.734375
2017-06-12,136.5625
2017-06-13,136.640625
2017-06-14,137.484375
2017-06-15,137.234375
2017-06-16,137.3125
2017-06-19,136.953125
2017-06-20,137.390625
2017-06-21,137.328125
2017-06-22,136.515625
2017-06-23,136.609375
2017-06-26,136.71875
2017-06-27,135.984375
2017-06-28,135.734375
2017-06-29,135.1875
2017-06-30,134.8125
2017-07-03,134.265625
2017-07-05,134.421875
2017-07-06,134.0
2017-07-07,133.765625
2017-07-10,134.015625
2017-07-11,134.125
2017-07-12,134.546875
2017-07-13,134.3125
2017-07-14,134.65625
2017-07-17,134.78125
2017-07-18,135.328125
2017-07-19,135.28125
2017-07-20,135.3125
2017-07-21,135.703125
2017-07-24,135.46875
2017-07-25,134.609375
2017-07-26,135.140625
2017-07-27,134.828125
2017-07-28,135.09375
2017-07-31,135.046875
2017-08-01,135.53125
2017-08-02,135.40625
2017-08-03,135.8125
2017-08-04,135.34375
2017-08-07,135.5
2017-08-08,135.203125
2017-08-09,135.671875
2017-08-10,136.015625
2017-08-11,136.296875
2017-08-14,135.953125
2017-08-15,135.390625
2017-08-16,135.84375
2017-08-17,136.171875
2017-08-18,136.234375
2017-08-21,136.40625
2017-08-22,136.0
2017-08-23,136.546875
2017-08-24,136.28125
2017-08-25,136.578125
2017-08-28,136.734375
2017-08-29,137.0
2017-08-30,136.90625
2017-08-31,137.140625
2017-09-01,136.703125
2017-09-05,137.71875
2017-09-06,137.28125
2017-09-07,137.875
2017-09-08,137.90625
2017-09-11,137.1875
2017-09-12,136.671875
2017-09-13,136.40625
2017-09-14,136.375
2017-09-15,136.296875
2017-09-18,135.953125
2017-09-19,135.859375
2017-09-20,135.890625
2017-09-21,134.796875
2017-09-22,135.015625
2017-09-25,135.53125
2017-09-26,135.4375
2017-09-27,134.484375
2017-09-28,134.5
2017-09-29,134.328125
2017-10-02,134.203125
2017-10-03,134.234375
2017-10-04,134.28125
2017-10-05,134.0625
2017-10-06,133.859375
2017-10-09,133.984375
2017-10-10,134.171875
2017-10-11,134.171875
2017-10-12,134.421875
2017-10-13,134.9375
2017-10-16,134.625
2017-10-17,134.734375
2017-10-18,134.25
2017-10-19,134.453125
2017-10-20,133.78125
2017-10-23,133.84375
2017-10-24,133.515625
2017-10-25,133.078125
2017-10-26,133.015625
2017-10-27,133.3125
2017-10-30,133.96875
2017-10-31,133.921875
2017-11-01,133.90625
2017-11-02,134.25
2017-11-03,134.3125
2017-11-06,134.609375
2017-11-07,134.75
2017-11-08,134.5
2017-11-09,134.3125
2017-11-10,133.53125
2017-11-13,133.515625
2017-11-14,133.734375
2017-11-15,134.265625
2017-11-16,133.96875
2017-11-17,134.046875
2017-11-20,133.796875
2017-11-21,133.9375
2017-11-22,134.40625
2017-11-24,134.21875
2017-11-27,134.40625
2017-11-28,134.28125
2017-11-29,133.875
2017-11-30,133.421875
2017-12-01,134.046875
2017-12-04,133.875
2017-12-05,134.140625
2017-12-06,134.453125
2017-12-07,133.96875
2017-12-08,133.9375
2017-12-11,133.953125
2017-12-12,133.796875
2017-12-13,134.421875
2017-12-14,134.46875
2017-12-15,134.359375
2017-12-18,133.9375
2017-12-19,133.125
2017-12-20,132.515625
2017-12-21,132.703125
2017-12-22,132.65625
2017-12-26,132.90625
2017-12-27,133.484375
2017-12-28,133.28125
2017-12-29,133.5625
2018-01-02,132.9375
2018-01-03,133.15625
2018-01-04,133.0625
2018-01-05,132.828125
2018-01-08,132.765625
2018-01-09,132.0625
2018-01-10,131.984375
2018-01-11,132.171875
2018-01-12,132.03125
2018-01-16,132.109375
2018-01-17,131.734375
2018-01-18,131.34375
2018-01-19,131.0625
2018-01-22,130.796875
2018-01-23,131.234375
2018-01-24,130.875
2018-01-25,131.265625
2018-01-26,130.8125
2018-01-29,130.4375
2018-01-30,130.140625
2018-01-31,130.203125
2018-02-01,129.59375
2018-02-02,128.6875
2018-02-05,129.328125
2018-02-06,129.65625
2018-02-07,128.84375
2018-02-08,128.609375
2018-02-09,128.859375
2018-02-12,128.5625
2018-02-13,128.703125
2018-02-14,127.875
2018-02-15,128.109375
2018-02-16,128.296875
2018-02-20,128.15625
2018-02-21,127.65625
2018-02-22,127.953125
2018-02-23,128.46875
2018-02-26,128.625
2018-02-27,128.078125
2018-02-28,128.515625
2018-03-01,129.21875
2018-03-02,128.640625
2018-03-05,128.390625
2018-03-06,128.453125
2018-03-07,128.390625
2018-03-08,128.609375
2018-03-09,128.375
2018-03-12,128.640625
2018-03-13,128.875
2018-03-14,129.25
2018-03-15,129.15625
2018-03-16,128.953125
2018-03-19,129.0
2018-03-20,128.640625
2018-03-21,127.953125
2018-03-22,128.8125
2018-03-23,128.875
2018-03-26,128.71875
2018-03-27,129.328125
2018-03-28,129.46875
2018-03-29,129.859375
2018-04-02,130.015625
2018-04-03,129.4375
2018-04-04,129.34375
2018-04-05,128.890625
2018-04-06,129.515625
2018-04-09,129.4375
2018-04-10,129.296875
2018-04-11,129.40625
2018-04-12,128.90625
2018-04-13,128.96875
2018-04-16,128.96875
2018-04-17,129.171875
2018-04-18,128.59375
2018-04-19,128.078125
2018-04-20,127.671875
2018-04-23,127.4375
2018-04-24,127.34375
2018-04-25,126.90625
2018-04-26,127.265625
2018-04-27,127.640625
2018-04-30,127.890625
2018-05-01,127.484375
2018-05-02,127.609375
2018-05-03,127.828125
2018-05-04,127.875
2018-05-07,127.796875
2018-05-08,127.59375
2018-05-09,127.21875
2018-05-10,127.453125
2018-05-11,127.46875
2018-05-14,127.203125
2018-05-15,126.25
2018-05-16,126.109375
2018-05-17,125.9375
2018-05-18,126.421875
2018-05-21,126.46875
2018-05-22,126.484375
2018-05-23,127.171875
2018-05-24,127.421875
2018-05-25,127.921875
2018-05-29,129.671875
2018-05-30,128.875
2018-05-31,129.125
2018-06-01,128.34375
2018-06-04,127.921875
2018-06-05,128.125
2018-06-06,127.546875
2018-06-07,127.984375
2018-06-08,127.96875
2018-06-11,127.78125
2018-06-12,127.78125
2018-06-13,127.546875
2018-06-14,127.9375
2018-06-15,128.21875
2018-06-18,128.1875
2018-06-19,128.515625
2018-06-20,128.234375
2018-06-21,127.703125
2018-06-22,127.65625
2018-06-25,127.9375
2018-06-26,127.875
2018-06-27,128.453125
2018-06-28,128.234375
2018-06-29,128.234375
2018-07-02,128.046875
2018-07-03,128.375
2018-07-05,128.359375
2018-07-06,128.46875
2018-07-09,128.125
2018-07-10,128.0
2018-07-11,128.328125
2018-07-12,128.21875
2018-07-13,128.46875
2018-07-16,128.1875
2018-07-17,128.125
2018-07-18,128.015625
2018-07-19,128.3125
2018-07-20,127.8125
2018-07-23,127.046875
2018-07-24,127.234375
2018-07-25,127.390625
2018-07-26,126.96875
2018-07-27,127.109375
2018-07-30,126.953125
2018-07-31,127.109375
2018-08-01,126.703125
2018-08-02,126.890625
2018-08-03,127.25
2018-08-06,127.421875
2018-08-07,127.046875
2018-08-08,127.09375
2018-08-09,127.40625
2018-08-10,128.25
2018-08-13,128.046875
2018-08-14,127.84375
2018-08-15,128.28125
2018-08-16,128.078125
2018-08-17,128.078125
2018-08-20,128.625
2018-08-21,128.40625
2018-08-22,128.640625
2018-08-23,128.671875
2018-08-24,128.609375
2018-08-27,128.359375
2018-08-28,127.984375
2018-08-29,128.015625
2018-08-30,128.265625
2018-08-31,128.328125
2018-09-04,127.78125
2018-09-05,127.796875
2018-09-06,128.125
2018-09-07,127.4375
2018-09-10,127.5
2018-09-11,127.0625
2018-09-12,127.234375
2018-09-13,127.234375
2018-09-14,126.9375
2018-09-17,126.875
2018-09-18,126.390625
2018-09-19,126.1875
2018-09-20,125.734375
2018-09-21,125.828125
2018-09-24,125.75
2018-09-25,125.515625
2018-09-26,125.9375
2018-09-27,126.0
2018-09-28,126.0
2018-10-01,125.78125
2018-10-02,126.015625
2018-10-03,124.9375
2018-10-04,124.546875
2018-10-05,124.265625
2018-10-08,124.234375
2018-10-09,124.453125
2018-10-10,124.296875
2018-10-11,125.25
2018-10-12,125.171875
2018-10-15,124.953125
2018-10-16,125.046875
2018-10-17,124.796875
2018-10-18,124.828125
2018-10-19,124.5625
2018-10-22,124.65625
2018-10-23,124.953125
2018-10-24,125.390625
2018-10-25,125.28125
2018-10-26,125.90625
2018-10-29,125.828125
2018-10-30,125.578125
2018-10-31,125.109375
2018-11-01,125.25
2018-11-02,124.515625
2018-11-05,124.671875
2018-11-06,124.53125
2018-11-07,124.515625
2018-11-08,124.3125
2018-11-09,124.75
2018-11-12,125.09375
2018-11-13,125.234375
2018-11-14,125.484375
2018-11-15,125.515625
2018-11-16,125.96875
2018-11-19,126.140625
2018-11-20,126.203125
2018-11-21,126.09375
2018-11-23,126.15625
2018-11-26,125.984375
2018-11-27,126.125
2018-11-28,126.28125
2018-11-29,126.390625
2018-11-30,126.59375
2018-12-03,126.859375
2018-12-04,127.5
2018-12-06,128.09375
2018-12-07,128.34375
2018-12-10,128.296875
2018-12-11,128.046875
2018-12-12,127.734375
2018-12-13,127.703125
2018-12-14,127.921875
2018-12-17,128.3125
2018-12-18,128.625
2018-12-19,128.734375
2018-12-20,129.03125
2018-12-21,128.984375
2018-12-24,129.421875
2018-12-26,128.953125
2018-12-27,129.53125
2018-12-28,129.609375
2018-12-31,130.078125
2019-01-02,130.390625
2019-01-03,131.609375
2019-01-04,130.421875
2019-01-07,130.171875
2019-01-08,129.828125
2019-01-09,129.703125
2019-01-10,129.671875
2019-01-11,130.0
2019-01-14,129.90625
2019-01-15,129.90625
2019-01-16,129.671875
2019-01-17,129.46875
2019-01-18,129.078125
2019-01-22,129.640625
2019-01-23,129.359375
2019-01-24,129.84375
2019-01-25,129.40625
2019-01-28,129.484375
2019-01-29,129.828125
2019-01-30,130.015625
2019-01-31,130.6875
2019-02-01,130.078125
2019-02-04,129.703125
2019-02-05,129.9375
2019-02-06,129.9375
2019-02-07,130.515625
2019-02-08,130.6875
2019-02-11,130.390625
2019-02-12,130.125
2019-02-13,129.875
2019-02-14,130.40625
2019-02-15,130.296875
2019-02-19,130.5
2019-02-20,130.421875
2019-02-21,130.03125
2019-02-22,130.359375
2019-02-25,130.171875
2019-02-26,130.59375
2019-02-27,129.984375
2019-02-28,129.78125
2019-03-01,129.34375
2019-03-04,129.65625
2019-03-05,129.703125
2019-03-06,130.046875
2019-03-07,130.671875
2019-03-08,130.796875
2019-03-11,130.59375
2019-03-12,131.015625
2019-03-13,130.96875
2019-03-14,130.75
2019-03-15,131.15625
2019-03-18,131.0625
2019-03-19,130.96875
2019-03-20,131.1875
2019-03-21,131.421875
2019-03-22,132.328125
2019-03-25,132.71875
2019-03-26,132.8125
2019-03-27,133.25
2019-03-28,133.0625
2019-03-29,132.78125
2019-04-01,131.859375
2019-04-02,132.03125
2019-04-03,131.640625
2019-04-04,131.71875
2019-04-05,131.8125
2019-04-08,131.609375
2019-04-09,131.84375
2019-04-10,132.09375
2019-04-11,131.78125
2019-04-12,131.1875
2019-04-15,131.296875
2019-04-16,130.8125
2019-04-17,130.84375
2019-04-18,131.234375
2019-04-22,130.875
2019-04-23,131.09375
2019-04-24,131.640625
2019-04-25,131.5
2019-04-26,131.8125
2019-04-29,131.484375
2019-04-30,131.78125
2019-05-01,131.765625
2019-05-02,131.28125
2019-05-03,131.515625
2019-05-06,131.875
2019-05-07,132.4375
2019-05-08,132.078125
2019-05-09,132.375
2019-05-10,132.359375
2019-05-13,132.921875
2019-05-14,132.765625
2019-05-15,133.1875
2019-05-16,132.890625
2019-05-17,133.03125
2019-05-20,132.796875
2019-05-21,132.671875
2019-05-22,133.03125
2019-05-23,134.109375
2019-05-24,133.734375
2019-05-28,134.40625
2019-05-29,134.75
2019-05-30,134.875
2019-05-31,135.78125
2019-06-03,136.4375
2019-06-04,136.0
2019-06-05,135.96875
2019-06-06,135.921875
2019-06-07,136.40625
2019-06-10,135.75
2019-06-11,135.859375
2019-06-12,136.015625
2019-06-13,136.46875
2019-06-14,136.421875
2019-06-17,136.53125
2019-06-18,136.8125
2019-06-19,136.5
2019-06-20,138.140625
2019-06-21,137.359375
2019-06-24,137.90625
2019-06-25,138.25
2019-06-26,137.578125
2019-06-27,138.09375
2019-06-28,138.125
2019-07-01,137.734375
2019-07-02,138.40625
2019-07-03,138.6875
2019-07-05,137.609375
2019-07-08,137.75
2019-07-09,137.46875
2019-07-10,137.4375
2019-07-11,136.734375
2019-07-12,136.890625
2019-07-15,137.078125
2019-07-16,136.75
2019-07-17,137.421875
2019-07-18,137.6875
2019-07-19,137.578125
2019-07-22,137.640625
2019-07-23,137.28125
2019-07-24,137.5625
2019-07-25,137.296875
2019-07-26,137.21875
2019-07-29,137.515625
2019-07-30,137.421875
2019-07-31,137.84375
2019-08-01,139.4375
2019-08-02,139.875
2019-08-05,141.296875
2019-08-06,141.25
2019-08-07,141.953125
2019-08-08,141.609375
2019-08-09,141.359375
2019-08-12,142.5
2019-08-13,141.953125
2019-08-14,143.140625
2019-08-15,143.78125
2019-08-16,143.640625
2019-08-19,142.890625
2019-08-20,143.359375
2019-08-21,143.078125
2019-08-22,142.65625
2019-08-23,143.625
2019-08-26,143.390625
2019-08-27,144.0
2019-08-28,144.28125
2019-08-29,143.703125
2019-08-30,143.84375
2019-09-03,144.375
2019-09-04,144.453125
2019-09-05,143.125
2019-09-06,143.34375
2019-09-09,142.453125
2019-09-10,141.484375
2019-09-11,141.171875
2019-09-12,140.5
2019-09-13,139.203125
2019-09-16,139.921875
2019-09-17,140.234375
2019-09-18,140.453125
2019-09-19,140.703125
2019-09-20,141.4375
2019-09-23,142.0
2019-09-24,142.921875
2019-09-25,141.734375
2019-09-26,142.296875
2019-09-27,142.4375
2019-09-30,142.40625
2019-10-01,142.78125
2019-10-02,143.375
2019-10-03,144.109375
2019-10-04,144.40625
2019-10-07,143.9375
2019-10-08,144.109375
2019-10-09,143.484375
2019-10-10,142.625
2019-10-11,141.453125
2019-10-14,141.984375
2019-10-15,141.234375
2019-10-16,141.515625
2019-10-17,141.390625
2019-10-18,141.484375
2019-10-21,140.953125
2019-10-22,141.28125
2019-10-23,141.359375
2019-10-24,141.296875
2019-10-25,140.859375
2019-10-28,140.21875
2019-10-29,140.421875
2019-10-30,140.875
2019-10-31,142.109375
2019-11-01,141.671875
2019-11-04,140.953125
2019-11-05,140.0
2019-11-06,140.578125
2019-11-07,139.203125
2019-11-08,139.09375
2019-11-11,139.125
2019-11-12,139.34375
2019-11-13,139.828125
2019-11-14,140.484375
2019-11-15,140.265625
2019-11-18,140.578125
2019-11-19,140.828125
2019-11-20,141.40625
2019-11-21,140.984375
2019-11-22,140.984375
2019-11-25,141.078125
2019-11-26,141.390625
2019-11-27,141.015625
2019-11-29,140.875
2019-12-02,140.171875
2019-12-03,141.734375
2019-12-04,140.890625
2019-12-05,140.78125
2019-12-06,140.234375
2019-12-09,140.40625
2019-12-10,140.40625
2019-12-11,140.9375
2019-12-12,139.65625
2019-12-13,140.578125
2019-12-16,139.765625
2019-12-17,139.71875
2019-12-18,139.28125
2019-12-19,139.59375
2019-12-20,140.625
2019-12-23,140.375
2019-12-24,140.71875
2019-12-26,140.78125
2019-12-27,141.15625
2019-12-30,140.875
2019-12-31,140.703125
2020-01-02,141.046875
2020-01-03,142.203125
2020-01-06,141.984375
2020-01-07,141.78125
2020-01-08,141.203125
2020-01-09,141.40625
2020-01-10,141.796875
2020-01-13,141.515625
2020-01-14,141.859375
2020-01-15,142.234375
2020-01-16,141.96875
2020-01-17,141.671875
2020-01-21,142.484375
2020-01-22,142.484375
2020-01-23,142.875
2020-01-24,143.625
2020-01-27,144.5625
2020-01-28,144.09375
2020-01-29,144.6875
2020-01-30,145.171875
2020-01-31,145.65625
2020-02-03,145.65625
2020-02-04,144.609375
2020-02-05,144.015625
2020-02-06,144.078125
2020-02-07,144.921875
2020-02-10,145.296875
2020-02-11,144.78125
2020-02-12,144.28125
2020-02-13,144.390625
2020-02-14,144.78125
2020-02-18,145.15625
2020-02-19,144.984375
2020-02-20,145.5625
2020-02-21,146.25
2020-02-24,147.453125
2020-02-25,148.09375
2020-02-26,148.328125
2020-02-27,148.515625
2020-02-28,150.4375
2020-03-02,151.140625
2020-03-03,152.0625
2020-03-04,152.40625
2020-03-05,153.453125
2020-03-06,156.265625
2020-03-09,158.875
2020-03-10,155.328125
2020-03-11,154.59375
2020-03-12,154.046875
2020-03-13,152.625
2020-03-16,155.53125
2020-03-17,152.625
2020-03-18,149.0625
2020-03-19,150.609375
2020-03-20,152.796875
2020-03-23,155.1875
2020-03-24,154.5
2020-03-25,153.921875
2020-03-26,154.375
2020-03-27,155.296875
2020-03-30,156.359375
2020-03-31,156.03125
2020-04-01,156.859375
2020-04-02,156.96875
2020-04-03,157.4375
2020-04-06,156.234375
2020-04-07,155.40625
2020-04-08,155.03125
2020-04-09,155.640625
2020-04-13,155.296875
2020-04-14,155.265625
2020-04-15,156.875
2020-04-16,157.25
2020-04-17,156.578125
2020-04-20,157.0
2020-04-21,157.734375
2020-04-22,157.078125
2020-04-23,157.171875
2020-04-24,157.375
2020-04-27,156.53125
2020-04-28,157.140625
2020-04-29,156.921875
2020-04-30,157.03125
2020-05-01,156.765625
2020-05-04,156.859375
2020-05-05,156.578125
2020-05-06,155.875
2020-05-07,157.03125
2020-05-08,156.328125
2020-05-11,155.703125
2020-05-12,156.375
2020-05-13,156.9375
2020-05-14,157.359375
2020-05-15,157.0625
2020-05-18,155.6875
2020-05-19,156.09375
2020-05-20,156.5625
2020-05-21,156.59375
2020-05-22,156.828125
2020-05-26,156.375
2020-05-27,156.71875
2020-05-28,156.390625
2020-05-29,157.171875
2020-06-01,157.015625
2020-06-02,156.796875
2020-06-03,155.671875
2020-06-04,154.890625
2020-06-05,153.8125
2020-06-08,154.09375
2020-06-09,154.765625
2020-06-10,156.0
2020-06-11,157.234375
2020-06-12,156.59375
2020-06-15,156.5625
2020-06-16,155.828125
2020-06-17,156.21875
2020-06-18,156.796875
2020-06-19,156.796875
2020-06-22,156.734375
2020-06-23,156.671875
2020-06-24,157.015625
2020-06-25,157.140625
2020-06-26,157.6875
2020-06-29,157.734375
2020-06-30,157.484375
2020-07-01,157.09375
2020-07-02,157.25
2020-07-06,157.078125
2020-07-07,157.5625
2020-07-08,157.515625
2020-07-09,158.203125
2020-07-10,157.765625
2020-07-13,157.703125
2020-07-14,158.078125
2020-07-15,157.875
2020-07-16,158.125
2020-07-17,157.890625
2020-07-20,158.0
2020-07-21,158.203125
2020-07-22,158.359375
2020-07-23,158.546875
2020-07-24,158.4375
2020-07-27,158.1875
2020-07-28,158.59375
2020-07-29,158.625
2020-07-30,159.171875
2020-07-31,159.25
2020-08-03,158.890625
2020-08-04,159.578125
2020-08-05,159.171875
2020-08-06,159.25
2020-08-07,158.875
2020-08-10,158.71875
2020-08-11,157.546875
2020-08-12,157.390625
2020-08-13,156.953125
2020-08-14,157.078125
2020-08-17,157.4375
2020-08-18,157.640625
2020-08-19,157.5625
2020-08-20,158.015625
2020-08-21,158.0625
2020-08-24,158.0
2020-08-25,157.5
2020-08-26,157.421875
2020-08-27,156.578125
2020-08-28,156.84375
2020-08-31,157.3125
2020-09-01,157.625
2020-09-02,157.9375
2020-09-03,158.390625
2020-09-04,157.03125
2020-09-08,157.625
2020-09-09,157.34375
2020-09-10,157.625
2020-09-11,157.84375
2020-09-14,157.84375
2020-09-15,157.71875
2020-09-16,157.578125
2020-09-17,157.6875
2020-09-18,157.53125
2020-09-21,157.921875
2020-09-22,160.125
2020-09-23,159.9375
2020-09-24,160.109375
2020-09-25,160.1875
2020-09-28,160.140625
2020-09-29,160.390625
2020-09-30,159.921875
2020-10-01,159.921875
2020-10-02,159.6875
2020-10-05,158.703125
2020-10-06,158.96875
2020-10-07,158.34375
2020-10-08,158.640625
2020-10-09,158.484375
2020-10-12,158.640625
2020-10-13,159.203125
2020-10-14,159.265625
2020-10-15,159.15625
2020-10-16,158.96875
2020-10-19,158.71875
2020-10-20,158.1875
2020-10-21,157.9375
2020-10-22,157.453125
2020-10-23,157.5625
2020-10-26,158.125
2020-10-27,158.46875
2020-10-28,158.421875
2020-10-29,157.625
2020-10-30,157.28125
2020-11-02,157.4375
2020-11-03,156.96875
2020-11-04,158.65625
2020-11-05,158.5
2020-11-06,157.859375
2020-11-09,155.890625
2020-11-10,155.71875
2020-11-11,156.109375
2020-11-12,157.15625
2020-11-13,157.03125
2020-11-16,156.84375
2020-11-17,157.34375
2020-11-18,157.21875
2020-11-19,157.5625
2020-11-20,157.890625
2020-11-23,157.4375
2020-11-24,157.125
2020-11-25,157.171875
2020-11-27,157.734375
2020-11-30,157.71875
2020-12-01,156.40625
2020-12-02,156.203125
2020-12-03,156.65625
2020-12-04,156.0
2020-12-07,156.59375
2020-12-08,156.84375
2020-12-09,156.484375
2020-12-10,156.953125
2020-12-11,157.140625
2020-12-14,157.1875
2020-12-15,156.75
2020-12-16,156.796875
2020-12-17,156.6875
2020-12-18,156.46875
2020-12-21,156.546875
2020-12-22,156.203125
2020-12-23,155.6875
2020-12-24,156.015625
2020-12-28,156.03125
2020-12-29,156.0
2020-12-30,156.140625
2020-12-31,156.359375
2021-01-04,156.328125
2021-01-05,155.75
2021-01-06,154.5
2021-01-07,154.078125
2021-01-08,153.578125
2021-01-11,153.1875
2021-01-12,153.140625
2021-01-13,153.828125
2021-01-14,153.25
2021-01-15,153.734375
2021-01-19,153.8125
2021-01-20,153.84375
2021-01-21,153.59375
2021-01-22,153.875
2021-01-25,154.578125
2021-01-26,154.5625
2021-01-27,154.9375
2021-01-28,154.328125
2021-01-29,153.828125
2021-02-01,154.03125
2021-02-02,153.59375
2021-02-03,153.28125
2021-02-04,153.140625
2021-02-05,152.75
2021-02-08,152.890625
2021-02-09,152.984375
2021-02-10,153.3125
2021-02-11,153.25
2021-02-12,152.671875
2021-02-16,151.265625
2021-02-17,151.28125
2021-02-18,151.453125
2021-02-19,150.609375
2021-02-22,150.3125
2021-02-23,150.421875
2021-02-24,150.09375
2021-02-25,148.25
2021-02-26,148.875
2021-03-01,149.140625
2021-03-02,149.59375
2021-03-03,148.859375
2021-03-04,147.75
2021-03-05,147.796875
2021-03-08,147.28125
2021-03-09,147.984375
2021-03-10,148.328125
2021-03-11,148.296875
2021-03-12,146.828125
2021-03-15,147.171875
2021-03-16,147.0
2021-03-17,146.765625
2021-03-18,145.65625
2021-03-19,145.609375
2021-03-22,146.625
2021-03-23,145.1875
2021-03-24,145.53125
2021-03-25,145.546875
2021-03-26,144.9375
2021-03-29,144.125
2021-03-30,144.03125
2021-03-31,143.6875
2021-04-01,144.65625
2021-04-05,144.109375
2021-04-06,144.984375
2021-04-07,145.0625
2021-04-08,145.359375
2021-04-09,144.984375
2021-04-12,144.859375
2021-04-13,145.546875
2021-04-14,145.40625
2021-04-15,146.828125
2021-04-16,146.28125
2021-04-19,145.921875
2021-04-20,146.4375
2021-04-21,146.421875
2021-04-22,146.53125
2021-04-23,146.421875
2021-04-26,146.375
2021-04-27,145.671875
2021-04-28,145.6875
2021-04-29,145.421875
2021-04-30,145.546875
2021-05-03,145.921875
2021-05-04,146.109375
2021-05-05,146.21875
2021-05-06,146.546875
2021-05-07,146.359375
2021-05-10,146.0625
2021-05-11,145.796875
2021-05-12,144.890625
2021-05-13,145.34375
2021-05-14,145.8125
2021-05-17,145.765625
2021-05-18,145.703125
2021-05-19,145.203125
2021-05-20,145.890625
2021-05-21,145.953125
2021-05-24,146.234375
2021-05-25,146.84375
2021-05-26,146.734375
2021-05-27,146.359375
2021-05-28,146.59375
2021-06-01,146.390625
2021-06-02,146.671875
2021-06-03,146.234375
2021-06-04,147.140625
2021-06-07,147.03125
2021-06-08,147.5625
2021-06-09,148.078125
2021-06-10,148.484375
2021-06-11,148.40625
2021-06-14,147.953125
2021-06-15,147.9375
2021-06-16,147.015625
2021-06-17,147.765625
2021-06-18,148.578125
2021-06-21,148.21875
2021-06-22,146.75
2021-06-23,146.5625
2021-06-24,146.578125
2021-06-25,145.96875
2021-06-28,146.71875
2021-06-29,146.71875
2021-06-30,147.203125
2021-07-01,146.765625
2021-07-02,147.421875
2021-07-06,148.28125
2021-07-07,148.953125
2021-07-08,149.421875
2021-07-09,148.515625
2021-07-12,148.4375
2021-07-13,147.734375
2021-07-14,148.546875
2021-07-15,149.359375
2021-07-16,149.34375
2021-07-19,150.984375
2021-07-20,150.578125
2021-07-21,149.640625
2021-07-22,149.859375
2021-07-23,149.578125
2021-07-26,149.703125
2021-07-27,150.28125
2021-07-28,149.953125
2021-07-29,149.84375
2021-07-30,150.25
2021-08-02,151.171875
2021-08-03,151.15625
2021-08-04,151.0625
2021-08-05,150.609375
2021-08-06,149.65625
2021-08-09,149.296875
2021-08-10,148.953125
2021-08-11,148.96875
2021-08-12,148.84375
2021-08-13,149.78125
2021-08-16,150.375
2021-08-17,150.359375
2021-08-18,150.15625
2021-08-19,150.625
2021-08-20,150.359375
2021-08-23,150.453125
2021-08-24,150.0
2021-08-25,149.328125
2021-08-26,149.328125
2021-08-27,149.75
2021-08-30,150.125
2021-08-31,149.859375
2021-09-01,149.90625
2021-09-02,150.03125
2021-09-03,149.703125
2021-09-07,149.078125
2021-09-08,149.546875
2021-09-09,150.03125
2021-09-10,149.484375
2021-09-13,149.71875
2021-09-14,150.375
2021-09-15,150.03125
2021-09-16,149.6875
2021-09-17,149.1875
2021-09-20,150.015625
2021-09-21,149.953125
2021-09-22,147.8125
2021-09-23,146.78125
2021-09-24,146.109375
2021-09-27,145.8125
2021-09-28,145.15625
2021-09-29,145.078125
2021-09-30,145.25
2021-10-01,146.078125
2021-10-04,145.875
2021-10-05,145.28125
2021-10-06,145.359375
2021-10-07,144.75
2021-10-08,144.34375
2021-10-11,144.046875
2021-10-12,144.65625
2021-10-13,145.0625
2021-10-14,145.453125
2021-10-15,144.75
2021-10-18,144.640625
2021-10-19,144.0
2021-10-20,144.0
2021-10-21,143.5
2021-10-22,143.796875
2021-10-25,144.046875
2021-10-26,144.265625
2021-10-27,145.40625
2021-10-28,144.875
2021-10-29,145.03125
2021-11-01,144.875
2021-11-02,145.21875
2021-11-03,144.875
2021-11-04,145.5625
2021-11-05,146.515625
2021-11-08,145.953125
2021-11-09,146.828125
2021-11-10,145.46875
2021-11-11,145.046875
2021-11-12,145.15625
2021-11-15,144.625
2021-11-16,144.5
2021-11-17,144.84375
2021-11-18,145.015625
2021-11-19,145.65625
2021-11-22,144.515625
2021-11-23,144.0
2021-11-24,144.28125
2021-11-26,146.3125
2021-11-29,145.78125
2021-11-30,146.890625
2021-12-01,146.96875
2021-12-02,146.75
2021-12-03,148.109375
2021-12-06,146.953125
2021-12-07,146.390625
2021-12-08,146.046875
2021-12-09,146.359375
2021-12-10,146.359375
2021-12-13,147.203125
2021-12-14,147.015625
2021-12-15,146.703125
2021-12-16,147.28125
2021-12-17,147.546875
2021-12-20,147.359375
2021-12-21,146.453125
2021-12-22,146.890625
2021-12-23,146.453125
2021-12-27,146.609375
2021-12-28,146.625
2021-12-29,145.828125
2021-12-30,146.171875
2021-12-31,146.4375
2022-01-03,144.734375
2022-01-04,144.234375
2022-01-05,143.75
2022-01-06,143.359375
2022-01-07,142.921875
2022-01-10,142.796875
2022-01-11,143.21875
2022-01-12,143.5
2022-01-13,143.703125
2022-01-14,142.921875
2022-01-18,141.703125
2022-01-19,142.203125
2022-01-20,142.109375
2022-01-21,143.234375
2022-01-24,143.390625
2022-01-25,142.765625
2022-01-26,141.9375
2022-01-27,142.453125
2022-01-28,142.828125
2022-01-31,142.828125
2022-02-01,142.609375
2022-02-02,143.03125
2022-02-03,142.28125
2022-02-04,141.0
2022-02-07,141.171875
2022-02-08,140.6875
2022-02-09,141.046875
2022-02-10,139.734375
2022-02-11,140.703125
2022-02-14,140.078125
2022-02-15,139.453125
2022-02-16,139.484375
2022-02-17,140.390625
2022-02-18,140.9375
2022-02-22,140.75
2022-02-23,140.390625
2022-02-24,140.484375
2022-02-25,140.265625
2022-02-28,142.1875
2022-03-01,143.96875
2022-03-02,142.0
2022-03-03,142.25
2022-03-04,143.828125
2022-03-07,143.484375
2022-03-08,141.953125
2022-03-09,140.96875
2022-03-10,140.1875
2022-03-11,140.234375
2022-03-14,138.578125
2022-03-15,138.328125
2022-03-16,137.984375
2022-03-17,137.96875
2022-03-18,138.59375
2022-03-21,136.59375
2022-03-22,135.765625
2022-03-23,135.53125
2022-03-24,135.28125
2022-03-25,133.453125
2022-03-28,133.65625
2022-03-29,134.578125
2022-03-30,135.0625
2022-03-31,135.46875
2022-04-01,134.90625
2022-04-04,134.484375
2022-04-05,132.765625
2022-04-06,132.109375
2022-04-07,131.484375
2022-04-08,130.703125
2022-04-11,129.90625
2022-04-12,130.6875
2022-04-13,131.21875
2022-04-14,129.734375
2022-04-18,129.109375
2022-04-19,128.46875
2022-04-20,129.4375
2022-04-21,128.4375
2022-04-22,128.625
2022-04-25,129.671875
2022-04-26,130.3125
2022-04-27,129.796875
2022-04-28,129.25
2022-04-29,129.0
2022-05-02,127.65625
2022-05-03,128.140625
2022-05-04,128.703125
2022-05-05,126.921875
2022-05-06,126.296875
2022-05-09,126.796875
2022-05-10,127.890625
2022-05-11,128.75
2022-05-12,129.8125
2022-05-13,128.515625
2022-05-16,129.1875
2022-05-17,128.1875
2022-05-18,129.125
2022-05-19,129.46875
2022-05-20,130.25
2022-05-23,129.484375
2022-05-24,130.5625
2022-05-25,130.71875
2022-05-26,130.609375
2022-05-27,130.71875
2022-05-31,129.671875
2022-06-01,128.71875
2022-06-02,128.9375
2022-06-03,128.484375
2022-06-06,127.609375
2022-06-07,128.359375
2022-06-08,127.734375
2022-06-09,127.546875
2022-06-10,126.34375
2022-06-13,124.09375
2022-06-14,122.84375
2022-06-15,123.796875
2022-06-16,124.84375
2022-06-17,125.625
2022-06-21,125.0
2022-06-22,125.3125
2022-06-23,126.265625
2022-06-24,125.703125
2022-06-27,124.953125
2022-06-28,124.8125
2022-06-29,126.046875
2022-06-30,127.375
2022-07-01,128.15625
2022-07-05,129.25
2022-07-06,128.15625
2022-07-07,127.078125
2022-07-08,126.109375
2022-07-11,127.328125
2022-07-12,127.6875
2022-07-13,128.3125
2022-07-14,127.71875
2022-07-15,128.0625
2022-07-18,127.734375
2022-07-19,127.0625
2022-07-20,126.890625
2022-07-21,128.28125
2022-07-22,129.65625
2022-07-25,129.28125
2022-07-26,129.65625
2022-07-27,130.25
2022-07-28,130.796875
2022-07-29,131.25
2022-08-01,131.65625
2022-08-02,130.15625
2022-08-03,130.0625
2022-08-04,130.890625
2022-08-05,129.078125
2022-08-08,129.90625
2022-08-09,129.546875
2022-08-10,129.671875
2022-08-11,128.546875
2022-08-12,128.90625
2022-08-15,129.5625
2022-08-16,129.203125
2022-08-17,128.421875
2022-08-18,128.515625
2022-08-19,127.359375
2022-08-22,126.859375
2022-08-23,126.65625
2022-08-24,126.0625
2022-08-25,126.96875
2022-08-26,126.859375
2022-08-29,126.078125
2022-08-30,126.09375
2022-08-31,125.875
2022-09-01,124.484375
2022-09-02,125.296875
2022-09-06,123.78125
2022-09-07,124.53125
2022-09-08,124.28125
2022-09-09,123.984375
2022-09-12,123.578125
2022-09-13,122.984375
2022-09-14,123.109375
2022-09-15,122.578125
2022-09-16,122.71875
2022-09-19,122.296875
2022-09-20,121.453125
2022-09-21,121.4375
2022-09-22,119.40625
2022-09-23,119.53125
2022-09-26,117.703125
2022-09-27,116.890625
2022-09-28,119.375
2022-09-29,118.984375
2022-09-30,118.484375
2022-10-03,119.984375
2022-10-04,120.359375
2022-10-05,118.9375
2022-10-06,118.296875
2022-10-07,117.75
2022-10-10,116.984375
2022-10-11,117.234375
2022-10-12,117.625
2022-10-13,117.109375
2022-10-14,116.5625
2022-10-17,116.546875
2022-10-18,116.71875
2022-10-19,115.46875
2022-10-20,114.53125
2022-10-21,114.6875
2022-10-24,114.484375
2022-10-25,115.671875
2022-10-26,116.546875
2022-10-27,117.3125
2022-10-28,116.625
2022-10-31,115.984375
2022-11-01,116.234375
2022-11-02,116.15625
2022-11-03,115.578125
2022-11-04,115.25
2022-11-07,114.734375
2022-11-08,115.53125
2022-11-09,115.34375
2022-11-10,118.3125
2022-11-11,118.125
2022-11-14,117.9375
2022-11-15,118.59375
2022-11-16,119.625
2022-11-17,118.859375
2022-11-18,118.4375
2022-11-21,118.4375
2022-11-22,119.09375
2022-11-23,119.609375
2022-11-25,119.640625
2022-11-28,119.515625
2022-11-29,119.109375
2022-11-30,119.515625
2022-12-01,121.25
2022-12-02,121.5
2022-12-05,120.5625
2022-12-06,121.46875
2022-12-07,122.484375
2022-12-08,121.6875
2022-12-09,120.953125
2022-12-12,120.546875
2022-12-13,121.640625
2022-12-14,121.640625
2022-12-15,122.1875
2022-12-16,121.875
2022-12-19,120.921875
2022-12-20,119.875
2022-12-21,119.8125
2022-12-22,119.9375
2022-12-23,119.1875
2022-12-27,118.09375
2022-12-28,117.859375
2022-12-29,118.34375
2022-12-30,118.28125
2023-01-03,118.75
2023-01-04,119.53125
2023-01-05,119.4375
2023-01-06,120.875
2023-01-09,121.40625
2023-01-10,120.40625
2023-01-11,121.015625
2023-01-12,122.09375
2023-01-13,121.4375
2023-01-17,121.203125
2023-01-18,122.796875
2023-01-19,122.5625
2023-01-20,121.6875
2023-01-23,121.28125
2023-01-24,121.828125
2023-01-25,121.90625
2023-01-26,121.5625
2023-01-27,121.296875
2023-01-30,120.984375
2023-01-31,121.203125
2023-02-01,122.46875
2023-02-02,122.53125
2023-02-03,121.140625
2023-02-06,120.1875
2023-02-07,119.765625
2023-02-08,119.953125
2023-02-09,119.5
2023-02-10,118.9375
2023-02-13,119.15625
2023-02-14,118.734375
2023-02-15,118.296875
2023-02-16,117.96875
2023-02-17,118.09375
2023-02-21,116.890625
2023-02-22,117.15625
2023-02-23,117.546875
2023-02-24,116.875
2023-02-27,117.125
2023-02-28,117.234375
2023-03-01,116.453125
2023-03-02,115.765625
2023-03-03,116.765625
2023-03-06,116.578125
2023-03-07,116.671875
2023-03-08,116.6875
2023-03-09,117.171875
2023-03-10,119.34375
2023-03-13,121.125
2023-03-14,119.96875
2023-03-15,121.375
2023-03-16,120.40625
2023-03-17,122.265625
2023-03-20,121.40625
2023-03-21,120.171875
2023-03-22,120.59375
2023-03-23,122.015625
2023-03-24,122.3125
2023-03-27,120.859375
2023-03-28,120.5
2023-03-29,120.46875
2023-03-30,120.59375
2023-03-31,121.140625
2023-04-03,121.734375
2023-04-04,122.65625
2023-04-05,123.1875
2023-04-06,123.125
2023-04-10,121.890625
2023-04-11,121.703125
2023-04-12,121.859375
2023-04-13,121.546875
2023-04-14,120.84375
2023-04-17,120.171875
2023-04-18,120.359375
2023-04-19,120.046875
2023-04-20,120.578125
2023-04-21,120.328125
2023-04-24,120.875
2023-04-25,122.015625
2023-04-26,121.65625
2023-04-27,120.703125
2023-04-28,121.453125
2023-05-01,120.3125
2023-05-02,121.59375
2023-05-03,121.953125
2023-05-04,122.46875
2023-05-05,121.53125
2023-05-08,120.828125
2023-05-09,120.796875
2023-05-10,121.59375
2023-05-11,121.9375
2023-05-12,121.28125
2023-05-15,120.84375
2023-05-16,120.421875
2023-05-17,120.109375
2023-05-18,119.421875
2023-05-19,118.953125
2023-05-22,118.734375
2023-05-23,118.90625
2023-05-24,118.71875
2023-05-25,117.828125
2023-05-26,117.703125
2023-05-30,118.78125
2023-05-31,119.390625
2023-06-01,119.6875
2023-06-02,118.796875
2023-06-05,118.828125
2023-06-06,118.78125
2023-06-07,117.96875
2023-06-08,118.6875
2023-06-09,118.359375
2023-06-12,118.21875
2023-06-13,117.484375
2023-06-14,117.90625
2023-06-15,118.546875
2023-06-16,118.09375
2023-06-20,118.546875
2023-06-21,118.234375
2023-06-22,118.71875
2023-06-23,119.265625
2023-06-26,119.453125
2023-06-27,118.96875
2023-06-28,119.515625
2023-06-29,118.140625
2023-06-30,118.4375
2023-07-03,118.078125
2023-07-05,117.203125
2023-07-06,116.25
2023-07-07,116.1875
2023-07-10,116.59375
2023-07-11,116.84375
2023-07-12,118.0
2023-07-13,118.984375
2023-07-14,118.421875
2023-07-17,118.625
2023-07-18,118.6875
2023-07-19,119.109375
2023-07-20,118.015625
2023-07-21,118.171875
2023-07-24,118.0
2023-07-25,117.4375
2023-07-26,118.015625
2023-07-27,116.484375
2023-07-28,116.890625
2023-07-31,116.984375
2023-08-01,116.125
2023-08-02,115.875
2023-08-03,114.828125
2023-08-04,116.0
2023-08-07,115.859375
2023-08-08,116.359375
2023-08-09,116.453125
2023-08-10,115.75
2023-08-11,114.921875
2023-08-14,114.765625
2023-08-15,114.40625
2023-08-16,114.046875
2023-08-17,113.5625
2023-08-18,114.078125
2023-08-21,113.265625
2023-08-22,113.359375
2023-08-23,114.53125
2023-08-24,114.171875
2023-08-25,114.09375
2023-08-28,114.375
2023-08-29,115.25
2023-08-30,115.3125
2023-08-31,115.578125
2023-09-01,114.828125
2023-09-05,113.984375
2023-09-06,113.78125
2023-09-07,114.046875
2023-09-08,114.125
2023-09-11,113.84375
2023-09-12,114.0625
2023-09-13,114.203125
2023-09-14,113.84375
2023-09-15,113.5625
2023-09-18,113.59375
2023-09-19,113.171875
2023-09-20,113.640625
2023-09-21,112.4375
2023-09-22,112.8125
2023-09-25,111.875
2023-09-26,111.703125
2023-09-27,111.078125
2023-09-28,111.328125
2023-09-29,111.5625
2023-10-02,110.59375
2023-10-03,109.53125
2023-10-04,110.109375
2023-10-05,110.28125
2023-10-06,109.6875
2023-10-09,110.921875
2023-10-10,110.828125
2023-10-11,111.328125
2023-10-12,110.328125
2023-10-13,111.046875
2023-10-16,110.3125
2023-10-17,109.078125
2023-10-18,108.609375
2023-10-19,107.859375
2023-10-20,108.4375
2023-10-23,109.1875
2023-10-24,109.140625
2023-10-25,108.15625
2023-10-26,109.09375
2023-10-27,109.078125
2023-10-30,108.8125
2023-10-31,108.828125
2023-11-01,109.578125
2023-11-02,110.609375
2023-11-03,111.59375
2023-11-06,110.640625
2023-11-07,111.46875
2023-11-08,111.859375
2023-11-09,110.765625
2023-11-10,110.796875
2023-11-13,110.734375
2023-11-14,112.421875
2023-11-15,111.578125
2023-11-16,112.40625
2023-11-17,112.40625
2023-11-20,112.5625
2023-11-21,112.609375
2023-11-22,112.609375
2023-11-23,112.28125
2023-11-24,111.984375
2023-11-27,112.828125
2023-11-28,113.390625
2023-11-29,114.0
2023-11-30,113.265625
2023-12-01,114.40625
2023-12-04,113.84375
2023-12-05,114.9375
2023-12-06,115.421875
2023-12-07,115.375
2023-12-08,114.296875
2023-12-11,114.375
2023-12-12,114.65625
2023-12-13,116.265625
2023-12-14,117.265625
2023-12-15,117.21875
2023-12-18,117.03125
2023-12-19,117.390625
2023-12-20,117.890625
2023-12-21,117.71875
2023-12-22,117.578125
2023-12-26,117.796875
2023-12-27,118.6875
2023-12-28,118.109375
2023-12-29,118.015625
2024-01-02,117.1875
2024-01-03,117.546875
2024-01-04,116.75
2024-01-05,116.296875
2024-01-08,116.625
2024-01-09,116.46875
2024-01-10,116.359375
2024-01-11,116.84375
2024-01-12,117.078125
2024-01-16,116.015625
2024-01-17,115.65625
2024-01-18,115.296875
2024-01-19,115.265625
2024-01-22,115.71875
2024-01-23,115.296875
2024-01-24,114.953125
2024-01-25,115.375
2024-01-26,115.078125
2024-01-29,115.71875
2024-01-30,116.03125
2024-01-31,116.875
2024-02-01,117.828125
2024-02-02,116.234375
2024-02-05,115.0
2024-02-06,115.65625
2024-02-07,115.484375
2024-02-08,114.828125
2024-02-09,114.640625
2024-02-12,114.78125
2024-02-13,113.453125
2024-02-14,113.90625
2024-02-15,114.125
2024-02-16,113.578125
2024-02-20,113.75
2024-02-21,113.328125
2024-02-22,113.3125
2024-02-23,113.90625
2024-02-26,113.5625
2024-02-27,113.421875
2024-02-28,113.765625
2024-02-29,113.984375
2024-03-01,114.640625
2024-03-04,114.296875
2024-03-05,115.046875
2024-03-06,115.328125
2024-03-07,115.484375
2024-03-08,115.515625
2024-03-11,115.34375
2024-03-12,114.890625
2024-03-13,114.59375
2024-03-14,113.65625
2024-03-15,113.59375
2024-03-18,113.265625
2024-03-19,113.5625
2024-03-20,113.96875
2024-03-21,113.953125
2024-03-22,114.40625
2024-03-25,114.125
2024-03-26,114.28125
2024-03-27,114.59375
2024-03-28,114.609375
2024-04-01,113.40625
2024-04-02,113.09375
2024-04-03,113.171875
2024-04-04,113.5625
2024-04-05,112.953125
2024-04-08,112.546875
2024-04-09,113.0625
2024-04-10,111.34375
2024-04-11,111.203125
2024-04-12,111.859375
2024-04-15,110.75
2024-04-16,110.484375
2024-04-17,111.125
2024-04-18,110.578125
2024-04-19,110.859375
2024-04-22,110.78125
2024-04-23,110.984375
2024-04-24,110.515625
2024-04-25,110.046875
2024-04-26,110.359375
2024-04-29,110.84375
2024-04-30,110.21875
2024-05-01,111.015625
2024-05-02,111.21875
2024-05-03,111.8125
2024-05-06,111.90625
2024-05-07,112.140625
2024-05-08,111.890625
2024-05-09,112.1875
2024-05-10,111.71875
2024-05-13,111.90625
2024-05-14,112.203125
2024-05-15,113.0
2024-05-16,112.8125
2024-05-17,112.421875
2024-05-20,112.28125
2024-05-21,112.46875
2024-05-22,112.296875
2024-05-23,111.9375
2024-05-24,111.953125
2024-05-28,111.375
2024-05-29,110.671875
2024-05-30,111.265625
2024-05-31,111.578125
2024-06-03,112.5625
2024-06-04,113.125
2024-06-05,113.53125
2024-06-06,113.59375
2024-06-07,112.3125
2024-06-10,111.96875
2024-06-11,112.546875
2024-06-12,113.53125
2024-06-13,114.015625
2024-06-14,114.1875
2024-06-17,113.671875
2024-06-18,114.15625
2024-06-20,114.375
2024-06-21,114.328125
2024-06-24,114.40625
2024-06-25,114.5
2024-06-26,113.78125
2024-06-27,114.015625
2024-06-28,113.53125
2024-07-01,112.28125
2024-07-02,112.671875
2024-07-03,113.453125
2024-07-05,114.140625
2024-07-08,114.15625
2024-07-09,113.875
2024-07-10,114.046875
2024-07-11,114.828125
2024-07-12,114.875
2024-07-15,114.484375
2024-07-16,115.078125
2024-07-17,115.25
2024-07-18,114.859375
2024-07-19,114.390625
2024-07-22,114.203125
2024-07-23,114.390625
2024-07-24,113.96875
2024-07-25,114.21875
2024-07-26,114.734375
2024-07-29,114.921875
2024-07-30,115.234375
2024-07-31,115.578125
2024-08-01,116.75
2024-08-02,118.46875
2024-08-05,118.53125
2024-08-06,117.578125
2024-08-07,116.828125
2024-08-08,116.546875
2024-08-09,117.03125
2024-08-12,117.34375
2024-08-13,117.828125
2024-08-14,118.109375
2024-08-15,117.125
2024-08-16,117.390625
2024-08-19,117.609375
2024-08-20,118.0625
2024-08-21,118.4375
2024-08-22,117.640625
2024-08-23,118.125
2024-08-26,118.046875
2024-08-27,117.875
2024-08-28,117.796875
2024-08-29,117.578125
2024-08-30,117.15625
2024-09-03,117.796875
2024-09-04,118.53125
2024-09-05,118.875
2024-09-06,119.109375
2024-09-09,119.203125
2024-09-10,119.71875
2024-09-11,119.609375
2024-09-12,119.4375
2024-09-13,119.6875
2024-09-16,119.9375
2024-09-17,119.75
2024-09-18,119.34375
2024-09-19,118.96875
2024-09-20,119.03125
2024-09-23,118.921875
2024-09-24,118.9375
2024-09-25,118.515625
2024-09-26,118.421875
2024-09-27,118.8125
2024-09-30,118.296875
2024-10-01,118.875
2024-10-02,118.46875
2024-10-03,117.84375
2024-10-04,116.640625
2024-10-07,116.1875
2024-10-08,116.125
2024-10-09,115.8125
2024-10-10,115.546875
2024-10-11,115.734375
2024-10-14,115.265625
2024-10-15,116.0625
2024-10-16,116.234375
2024-10-17,115.5
2024-10-18,115.703125
2024-10-21,114.71875
2024-10-22,114.515625
2024-10-23,114.171875
2024-10-24,114.546875
2024-10-25,114.25
2024-10-28,113.8125
2024-10-29,113.859375
2024-10-30,113.9375
2024-10-31,113.75
2024-11-01,113.0625
2024-11-04,113.515625
2024-11-05,113.671875
2024-11-06,112.4375
2024-11-07,113.203125
2024-11-08,113.484375
2024-11-11,113.125
2024-11-12,112.359375
2024-11-13,112.203125
2024-11-14,112.46875
2024-11-15,112.40625
2024-11-18,112.515625
2024-11-19,112.828125
2024-11-20,112.59375
2024-11-21,112.359375
2024-11-22,112.5625
2024-11-25,113.84375
2024-11-26,113.484375
2024-11-27,114.015625
2024-11-29,114.453125
2024-12-02,114.453125
2024-12-03,114.1875
2024-12-04,114.546875
2024-12-05,114.546875
2024-12-06,114.84375
2024-12-09,114.40625
2024-12-10,114.203125
2024-12-11,113.796875
2024-12-12,113.328125
2024-12-13,112.671875
2024-12-16,112.703125
2024-12-17,112.796875
2024-12-18,111.765625
2024-12-19,111.078125
2024-12-20,111.75
2024-12-23,111.09375
2024-12-24,111.1875
2024-12-26,111.28125
2024-12-27,110.921875
2024-12-30,111.5625
2024-12-31,111.3125
2025-01-02,111.3125
2025-01-03,111.125
2025-01-06,110.921875
2025-01-07,110.328125
2025-01-08,110.265625
2025-01-09,110.375
2025-01-10,109.5625
2025-01-13,109.3125
2025-01-14,109.40625
2025-01-15,110.59375
2025-01-16,111.015625
2025-01-17,110.984375
2025-01-21,111.296875
2025-01-22,111.0625
2025-01-23,110.734375
2025-01-24,110.875
2025-01-27,111.703125
2025-01-28,111.53125
2025-01-29,111.484375
2025-01-30,111.859375
2025-01-31,111.375
2025-02-03,111.59375
2025-02-04,111.84375
2025-02-05,112.640625
2025-02-06,112.484375
2025-02-07,112.09375
2025-02-10,112.03125
2025-02-11,111.640625
2025-02-12,110.78125
2025-02-13,111.75
2025-02-14,112.171875
2025-02-18,111.5625
2025-02-19,111.640625
2025-02-20,111.96875
2025-02-21,112.671875
2025-02-24,112.90625
2025-02-25,113.765625
2025-02-26,114.1875
2025-02-27,113.84375
2025-02-28,114.359375
2025-03-03,114.796875
2025-03-04,114.53125
2025-03-05,114.0
2025-03-06,113.828125
2025-03-07,113.59375
2025-03-10,114.515625
2025-03-11,113.890625
2025-03-12,113.640625
2025-03-13,113.984375
2025-03-14,113.6875
2025-03-17,113.703125
2025-03-18,113.953125
2025-03-19,114.15625
2025-03-20,114.40625
2025-03-21,114.0625
2025-03-24,113.359375
2025-03-25,113.578125
2025-03-26,113.28125
2025-03-27,113.015625
2025-03-28,114.03125
2025-03-31,114.125
2025-04-01,114.9375
2025-04-02,114.578125
2025-04-03,115.859375
2025-04-04,116.5
2025-04-07,114.984375
2025-04-08,114.03125
2025-04-09,112.796875
2025-04-10,112.828125
2025-04-11,111.90625
2025-04-14,113.0625
2025-04-15,113.4375
2025-04-16,113.84375
2025-04-17,113.421875
2025-04-21,112.734375
2025-04-22,112.875
2025-04-23,112.875
2025-04-24,113.609375
2025-04-25,113.9375
2025-04-28,114.40625
2025-04-29,114.765625
2025-04-30,114.734375
2025-05-01,114.28125
2025-05-02,113.4375
2025-05-05,113.25
2025-05-06,113.546875
2025-05-07,113.921875
2025-05-08,113.046875
2025-05-09,113.046875
2025-05-12,112.3125
2025-05-13,111.96875
2025-05-14,111.671875
2025-05-15,112.3125
2025-05-16,112.421875
2025-05-19,112.125
2025-05-20,112.109375
2025-05-21,111.09375
2025-05-22,111.484375
2025-05-23,111.84375
2025-05-27,112.515625
2025-05-28,112.109375
2025-05-29,112.59375
2025-05-30,112.671875
2025-06-02,112.28125
2025-06-03,112.3125
2025-06-04,113.15625
2025-06-05,112.90625
2025-06-06,111.875
2025-06-09,112.109375
2025-06-10,112.203125
2025-06-11,112.75
2025-06-12,113.234375
2025-06-13,112.671875
2025-06-16,112.4375
2025-06-17,112.953125
2025-06-18,113.21875
2025-06-20,112.9375
2025-06-23,113.4375
2025-06-24,113.6875
2025-06-25,113.6875
2025-06-26,114.03125
2025-06-27,113.78125
2025-06-30,114.265625
2025-07-01,114.046875
2025-07-02,113.703125
2025-07-03,113.265625
2025-07-04,113.375
2025-07-07,112.78125
2025-07-08,112.59375
2025-07-09,113.25
2025-07-10,113.21875
2025-07-11,112.515625
2025-07-14,112.484375
2025-07-15,111.953125
2025-07-16,112.265625
2025-07-17,112.1875
2025-07-18,112.46875
2025-07-21,113.0
2025-07-22,113.296875
2025-07-23,112.84375
2025-07-24,112.671875
2025-07-25,112.859375
2025-07-28,112.5625
2025-07-29,113.359375
2025-07-30,112.9375
2025-07-31,113.078125
2025-08-01,114.328125
2025-08-04,114.5
2025-08-05,114.53125
2025-08-06,114.34375
2025-08-07,114.234375
2025-08-08,113.875
2025-08-11,113.984375
2025-08-12,113.796875
2025-08-13,114.265625
2025-08-14,113.796875
2025-08-15,113.5
2025-08-18,113.390625
2025-08-19,113.71875
2025-08-20,113.78125
2025-08-21,113.484375
2025-08-22,114.109375
2025-08-25,113.96875
2025-08-26,114.140625
2025-08-27,114.34375
2025-08-28,114.609375
2025-08-29,114.453125
2025-09-02,114.015625
2025-09-03,114.59375
2025-09-04,114.890625
2025-09-05,115.703125
2025-09-08,116.0
2025-09-09,115.78125
2025-09-10,116.15625
2025-09-11,116.34375
2025-09-12,115.90625
2025-09-15,116.109375
2025-09-16,116.203125
2025-09-17,115.71875
2025-09-18,115.546875
2025-09-19,115.28125
2025-09-22,115.125
2025-09-23,115.359375
2025-09-24,115.109375
2025-09-25,114.859375
2025-09-26,114.734375
2025-09-29,115.140625
2025-09-30,115.078125
2025-10-01,115.453125
2025-10-02,115.625
2025-10-03,115.34375
2025-10-06,114.9375
2025-10-07,115.25
2025-10-08,115.21875
2025-10-09,115.0625
2025-10-10,115.921875
2025-10-13,115.90625
2025-10-14,116.1875
2025-10-15,116.0
2025-10-16,116.640625
2025-10-17,116.328125
2025-10-20,116.546875
2025-10-21,116.765625
2025-10-22,116.84375
2025-10-23,116.5
2025-10-24,116.4375
2025-10-27,116.453125
2025-10-28,116.5625
2025-10-29,115.890625
2025-10-30,115.546875
2025-10-31,115.484375
2025-11-03,115.421875
2025-11-04,115.578125
2025-11-05,114.96875
2025-11-06,115.546875
2025-11-07,115.546875
2025-11-10,115.390625
2025-11-11,115.75
2025-11-12,115.796875
2025-11-13,115.515625
2025-11-14,115.171875
2025-11-17,115.328125
2025-11-18,115.421875
2025-11-19,115.328125
2025-11-20,115.578125
2025-11-21,115.953125
2025-11-24,116.203125
2025-11-25,116.53125
2025-11-26,116.59375
2025-11-28,116.375
2025-12-01,115.6875
2025-12-02,115.78125
2025-12-03,116.03125
2025-12-04,115.578125
2025-12-05,115.296875
2025-12-08,115.0
2025-12-09,114.859375
2025-12-10,115.0
2025-12-11,115.234375
2025-12-12,114.828125
2025-12-15,114.953125
2025-12-16,115.234375
2025-12-17,115.234375
2025-12-18,115.53125
2025-12-19,115.234375
2025-12-22,114.828125
2025-12-23,114.828125
2025-12-24,115.171875
2025-12-26,115.15625
2025-12-29,115.3125
2025-12-30,115.203125
2025-12-31,115.015625
2026-01-02,114.65625
2026-01-05,114.859375
2026-01-06,114.734375
2026-01-07,115.109375
2026-01-08,114.703125
2026-01-09,114.8125
2026-01-12,114.671875
2026-01-13,114.8125
2026-01-14,115.109375
2026-01-15,114.921875
2026-01-16,114.28125
2026-01-20,113.71875
2026-01-21,114.09375
2026-01-22,114.09375
2026-01-23,114.1875
2026-01-26,114.421875
2026-01-27,114.34375
2026-01-28,114.09375
2026-01-29,114.296875
2026-01-30,114.15625
2026-02-02,113.859375
2026-02-03,113.890625
2026-02-04,113.859375
2026-02-05,114.46875
2026-02-06,114.515625
2026-02-09,114.59375
2026-02-10,115.0625
2026-02-11,114.828125
2026-02-12,115.515625
2026-02-13,115.984375
2026-02-17,115.984375
2026-02-18,115.734375
2026-02-19,115.765625
2026-02-20,115.65625
2026-02-23,116.21875
2026-02-24,116.15625
2026-02-25,116.015625
2026-02-26,116.296875
2026-02-27,116.828125
2026-03-02,116.015625
2026-03-03,115.96875
2026-03-04,115.734375
2026-03-05,115.140625
2026-03-06,115.25
2026-03-09,115.25
2026-03-10,115.25
2026-03-11,114.609375
2026-03-12,114.0625
2026-03-13,113.96875
2026-03-16,114.5
2026-03-17,114.6875
2026-03-18,114.1875
2026-03-19,113.953125
2026-03-20,113.1875
2026-03-23,113.328125
2026-03-24,112.796875
2026-03-25,113.375
2026-03-26,112.5625
2026-03-27,112.34375
2026-03-30,113.21875
2026-03-31,113.515625
2026-04-01,113.4375
2026-04-02,113.5
2026-04-06,113.3125
2026-04-07,113.234375
2026-04-08,113.71875
2026-04-09,113.703125
2026-04-10,113.5
2026-04-13,113.671875
2026-04-14,114.0625
2026-04-15,113.828125
2026-04-16,113.5625
2026-04-17,114.15625
2026-04-20,114.125
2026-04-21,113.734375
2026-04-22,113.703125
2026-04-23,113.4375
2026-04-24,113.578125
2026-04-27,113.34375
2026-04-28,113.1875
2026-04-29,112.625
2026-04-30,112.859375
2026-05-01,112.96875
2026-05-04,112.359375
2026-05-05,112.625
2026-05-06,113.171875
2026-05-07,112.84375
2026-05-08,113.09375
2026-05-11,112.671875
2026-05-12,112.21875
2026-05-13,112.140625
2026-05-14,112.328125
2026-05-15,111.109375
2026-05-18,110.890625
2026-05-19,110.46875
2026-05-20,111.3125
2026-05-21,111.1875
2026-05-22,111.328125
2026-05-26,112.03125
2026-05-27,112.140625
2026-05-28,112.375
2026-05-29,112.375
2026-06-01,112.1875
2026-06-02,112.328125
2026-06-03,112.03125
2026-06-04,112.171875
2026-06-05,111.625
2026-06-08,111.53125
2026-06-09,111.734375
2026-06-10,111.640625
2026-06-11,112.296875
2026-06-12,112.125
2026-06-15,112.28125
2026-06-16,112.640625
2026-06-17,112.3125
2026-06-18,112.59375
2026-06-22,111.671875
2026-06-23,111.796875
2026-06-24,112.625
2026-06-25,112.71875
2026-06-26,112.890625
2026-06-29,112.859375
2026-06-30,112.46875
2026-07-01,112.0
2026-07-02,111.96875
2026-07-06,111.96875
2026-07-07,111.53125
2026-07-08,111.1875
2026-07-09,111.4375
2026-07-10,111.203125
2026-07-13,110.828125
2026-07-14,111.046875
2026-07-15,111.390625
2026-07-16,111.203125
2026-07-17,111.578125
